library_id	external_id	library_type	number_of_lanes_aggregated	sequenced_reads	preparation_id	r1_path	r2_path	mgen_library_notes	sra_accession 
SS01000		metagenomics			SS01000	sraw/mgen/2019-08-21/Mg1A01_S1_R1_001.fastq.gz	sraw/mgen/2019-08-21/Mg1A01_S1_R2_001.fastq.gz		SRR14874834   
SS01001		metagenomics			SS01001	sraw/mgen/2019-08-21/Mg1A02_S2_R1_001.fastq.gz	sraw/mgen/2019-08-21/Mg1A02_S2_R2_001.fastq.gz		SRR14874833   
SS01004		metagenomics			SS01004	sraw/mgen/2019-08-21/Mg1A03_S3_R1_001.fastq.gz	sraw/mgen/2019-08-21/Mg1A03_S3_R2_001.fastq.gz		SRR14874758   
SS01005		metagenomics			SS01005	sraw/mgen/2019-08-21/Mg1A04_S4_R1_001.fastq.gz	sraw/mgen/2019-08-21/Mg1A04_S4_R2_001.fastq.gz		SRR14874747   
SS01002		metagenomics			SS01002	sraw/mgen/2019-08-21/Mg1A05_S5_R1_001.fastq.gz	sraw/mgen/2019-08-21/Mg1A05_S5_R2_001.fastq.gz		SRR14874736   
SS01007		metagenomics			SS01007	sraw/mgen/2019-08-21/Mg1A06_S6_R1_001.fastq.gz	sraw/mgen/2019-08-21/Mg1A06_S6_R2_001.fastq.gz		SRR14874725   
SS01006		metagenomics			SS01006	sraw/mgen/2019-08-21/Mg1A07_S7_R1_001.fastq.gz	sraw/mgen/2019-08-21/Mg1A07_S7_R2_001.fastq.gz		SRR14874714   
SS01009		metagenomics			SS01009	sraw/mgen/2019-08-21/Mg1A08_S8_R1_001.fastq.gz	sraw/mgen/2019-08-21/Mg1A08_S8_R2_001.fastq.gz		SRR14874703   
SS01008		metagenomics			SS01008	sraw/mgen/2019-08-21/Mg1A09_S9_R1_001.fastq.gz	sraw/mgen/2019-08-21/Mg1A09_S9_R2_001.fastq.gz		SRR14874692   
SS01011		metagenomics			SS01011	sraw/mgen/2019-08-21/Mg1A10_S10_R1_001.fastq.gz	sraw/mgen/2019-08-21/Mg1A10_S10_R2_001.fastq.gz		SRR14874681   
SS01013		metagenomics			SS01013	sraw/mgen/2019-08-21/Mg1A11_S11_R1_001.fastq.gz	sraw/mgen/2019-08-21/Mg1A11_S11_R2_001.fastq.gz		SRR14874832   
SS01012		metagenomics			SS01012	sraw/mgen/2019-08-21/Mg1A12_S12_R1_001.fastq.gz	sraw/mgen/2019-08-21/Mg1A12_S12_R2_001.fastq.gz		SRR14874821   
SS01015		metagenomics			SS01015	sraw/mgen/2019-08-21/Mg1B01_S13_R1_001.fastq.gz	sraw/mgen/2019-08-21/Mg1B01_S13_R2_001.fastq.gz		SRR14874810   
SS01016		metagenomics			SS01016	sraw/mgen/2019-08-21/Mg1B02_S14_R1_001.fastq.gz	sraw/mgen/2019-08-21/Mg1B02_S14_R2_001.fastq.gz		SRR14874799   
SS01019		metagenomics			SS01019	sraw/mgen/2019-08-21/Mg1B03_S15_R1_001.fastq.gz	sraw/mgen/2019-08-21/Mg1B03_S15_R2_001.fastq.gz		SRR14874788   
SS01017		metagenomics			SS01017	sraw/mgen/2019-08-21/Mg1B04_S16_R1_001.fastq.gz	sraw/mgen/2019-08-21/Mg1B04_S16_R2_001.fastq.gz		SRR14874777   
SS01018		metagenomics			SS01018	sraw/mgen/2019-08-21/Mg1B05_S17_R1_001.fastq.gz	sraw/mgen/2019-08-21/Mg1B05_S17_R2_001.fastq.gz		SRR14874766   
SS01022		metagenomics			SS01022	sraw/mgen/2019-08-21/Mg1B06_S18_R1_001.fastq.gz	sraw/mgen/2019-08-21/Mg1B06_S18_R2_001.fastq.gz		SRR14874761   
SS01023		metagenomics			SS01023	sraw/mgen/2019-08-21/Mg1B07_S19_R1_001.fastq.gz	sraw/mgen/2019-08-21/Mg1B07_S19_R2_001.fastq.gz		SRR14874760   
SS01027		metagenomics			SS01027	sraw/mgen/2019-08-21/Mg1B08_S20_R1_001.fastq.gz	sraw/mgen/2019-08-21/Mg1B08_S20_R2_001.fastq.gz		SRR14874759   
SS01026		metagenomics			SS01026	sraw/mgen/2019-08-21/Mg1B09_S21_R1_001.fastq.gz	sraw/mgen/2019-08-21/Mg1B09_S21_R2_001.fastq.gz		SRR14874757   
SS01030		metagenomics			SS01030	sraw/mgen/2019-08-21/Mg1B10_S22_R1_001.fastq.gz	sraw/mgen/2019-08-21/Mg1B10_S22_R2_001.fastq.gz		SRR14874756   
SS01033		metagenomics			SS01033	sraw/mgen/2019-08-21/Mg1B11_S23_R1_001.fastq.gz	sraw/mgen/2019-08-21/Mg1B11_S23_R2_001.fastq.gz		SRR14874755   
SS01036		metagenomics			SS01036	sraw/mgen/2019-08-21/Mg1B12_S24_R1_001.fastq.gz	sraw/mgen/2019-08-21/Mg1B12_S24_R2_001.fastq.gz		SRR14874754   
SS01037		metagenomics			SS01037	sraw/mgen/2019-08-21/Mg1C01_S25_R1_001.fastq.gz	sraw/mgen/2019-08-21/Mg1C01_S25_R2_001.fastq.gz		SRR14874753   
SS01038		metagenomics			SS01038	sraw/mgen/2019-08-21/Mg1C02_S26_R1_001.fastq.gz	sraw/mgen/2019-08-21/Mg1C02_S26_R2_001.fastq.gz		SRR14874752   
SS01042		metagenomics			SS01042	sraw/mgen/2019-08-21/Mg1C03_S27_R1_001.fastq.gz	sraw/mgen/2019-08-21/Mg1C03_S27_R2_001.fastq.gz		SRR14874751   
SS01048		metagenomics			SS01048	sraw/mgen/2019-08-21/Mg1C04_S28_R1_001.fastq.gz	sraw/mgen/2019-08-21/Mg1C04_S28_R2_001.fastq.gz		SRR14874750   
SS01047		metagenomics			SS01047	sraw/mgen/2019-08-21/Mg1C05_S29_R1_001.fastq.gz	sraw/mgen/2019-08-21/Mg1C05_S29_R2_001.fastq.gz		SRR14874749   
SS01052		metagenomics			SS01052	sraw/mgen/2019-08-21/Mg1C06_S30_R1_001.fastq.gz	sraw/mgen/2019-08-21/Mg1C06_S30_R2_001.fastq.gz		SRR14874748   
SS01055		metagenomics			SS01055	sraw/mgen/2019-08-21/Mg1C07_S31_R1_001.fastq.gz	sraw/mgen/2019-08-21/Mg1C07_S31_R2_001.fastq.gz		SRR14874746   
SS01059		metagenomics			SS01059	sraw/mgen/2019-08-21/Mg1C08_S32_R1_001.fastq.gz	sraw/mgen/2019-08-21/Mg1C08_S32_R2_001.fastq.gz		SRR14874745   
SS01057		metagenomics			SS01057	sraw/mgen/2019-08-21/Mg1C09_S33_R1_001.fastq.gz	sraw/mgen/2019-08-21/Mg1C09_S33_R2_001.fastq.gz		SRR14874744   
SS01056		metagenomics			SS01056	sraw/mgen/2019-08-21/Mg1C10_S34_R1_001.fastq.gz	sraw/mgen/2019-08-21/Mg1C10_S34_R2_001.fastq.gz		SRR14874743   
SS01083		metagenomics			SS01083	sraw/mgen/2019-08-21/Mg1C11_S35_R1_001.fastq.gz	sraw/mgen/2019-08-21/Mg1C11_S35_R2_001.fastq.gz		SRR14874742   
SS01053		metagenomics			SS01053	sraw/mgen/2019-08-21/Mg1C12_S36_R1_001.fastq.gz	sraw/mgen/2019-08-21/Mg1C12_S36_R2_001.fastq.gz		SRR14874741   
SS01054		metagenomics			SS01054	sraw/mgen/2019-08-21/Mg1D01_S37_R1_001.fastq.gz	sraw/mgen/2019-08-21/Mg1D01_S37_R2_001.fastq.gz		SRR14874740   
SS01060		metagenomics			SS01060	sraw/mgen/2019-08-21/Mg1D02_S38_R1_001.fastq.gz	sraw/mgen/2019-08-21/Mg1D02_S38_R2_001.fastq.gz		SRR14874739   
SS01063		metagenomics			SS01063	sraw/mgen/2019-08-21/Mg1D03_S39_R1_001.fastq.gz	sraw/mgen/2019-08-21/Mg1D03_S39_R2_001.fastq.gz		SRR14874738   
SS01066		metagenomics			SS01066	sraw/mgen/2019-08-21/Mg1D04_S40_R1_001.fastq.gz	sraw/mgen/2019-08-21/Mg1D04_S40_R2_001.fastq.gz		SRR14874737   
SS01068		metagenomics			SS01068	sraw/mgen/2019-08-21/Mg1D05_S41_R1_001.fastq.gz	sraw/mgen/2019-08-21/Mg1D05_S41_R2_001.fastq.gz		SRR14874735   
SS01069		metagenomics			SS01069	sraw/mgen/2019-08-21/Mg1D06_S42_R1_001.fastq.gz	sraw/mgen/2019-08-21/Mg1D06_S42_R2_001.fastq.gz		SRR14874734   
SS01073		metagenomics			SS01073	sraw/mgen/2019-08-21/Mg1D07_S43_R1_001.fastq.gz	sraw/mgen/2019-08-21/Mg1D07_S43_R2_001.fastq.gz		SRR14874733   
SS01072		metagenomics			SS01072	sraw/mgen/2019-08-21/Mg1D08_S44_R1_001.fastq.gz	sraw/mgen/2019-08-21/Mg1D08_S44_R2_001.fastq.gz		SRR14874732   
SS01075		metagenomics			SS01075	sraw/mgen/2019-08-21/Mg1D09_S45_R1_001.fastq.gz	sraw/mgen/2019-08-21/Mg1D09_S45_R2_001.fastq.gz		SRR14874731   
SS01076		metagenomics			SS01076	sraw/mgen/2019-08-21/Mg1D10_S46_R1_001.fastq.gz	sraw/mgen/2019-08-21/Mg1D10_S46_R2_001.fastq.gz		SRR14874730   
SS01078		metagenomics			SS01078	sraw/mgen/2019-08-21/Mg1D11_S47_R1_001.fastq.gz	sraw/mgen/2019-08-21/Mg1D11_S47_R2_001.fastq.gz		SRR14874729   
SS01088		metagenomics			SS01088	sraw/mgen/2019-08-21/Mg1D12_S48_R1_001.fastq.gz	sraw/mgen/2019-08-21/Mg1D12_S48_R2_001.fastq.gz		SRR14874728   
SS01080		metagenomics			SS01080	sraw/mgen/2019-08-21/Mg1E01_S49_R1_001.fastq.gz	sraw/mgen/2019-08-21/Mg1E01_S49_R2_001.fastq.gz		SRR14874727   
SS01081		metagenomics			SS01081	sraw/mgen/2019-08-21/Mg1E02_S50_R1_001.fastq.gz	sraw/mgen/2019-08-21/Mg1E02_S50_R2_001.fastq.gz		SRR14874726   
SS01084		metagenomics			SS01084	sraw/mgen/2019-08-21/Mg1E03_S51_R1_001.fastq.gz	sraw/mgen/2019-08-21/Mg1E03_S51_R2_001.fastq.gz		SRR14874724   
SS01094		metagenomics			SS01094	sraw/mgen/2019-08-21/Mg1E04_S52_R1_001.fastq.gz	sraw/mgen/2019-08-21/Mg1E04_S52_R2_001.fastq.gz		SRR14874723   
SS01087		metagenomics			SS01087	sraw/mgen/2019-08-21/Mg1E05_S53_R1_001.fastq.gz	sraw/mgen/2019-08-21/Mg1E05_S53_R2_001.fastq.gz		SRR14874722   
SS01090		metagenomics			SS01090	sraw/mgen/2019-08-21/Mg1E06_S54_R1_001.fastq.gz	sraw/mgen/2019-08-21/Mg1E06_S54_R2_001.fastq.gz		SRR14874721   
SS01091		metagenomics			SS01091	sraw/mgen/2019-08-21/Mg1E07_S55_R1_001.fastq.gz	sraw/mgen/2019-08-21/Mg1E07_S55_R2_001.fastq.gz		SRR14874720   
SS01097		metagenomics			SS01097	sraw/mgen/2019-08-21/Mg1E08_S56_R1_001.fastq.gz	sraw/mgen/2019-08-21/Mg1E08_S56_R2_001.fastq.gz		SRR14874719   
SS01086		metagenomics			SS01086	sraw/mgen/2019-08-21/Mg1E09_S57_R1_001.fastq.gz	sraw/mgen/2019-08-21/Mg1E09_S57_R2_001.fastq.gz		SRR14874718   
SS01092		metagenomics			SS01092	sraw/mgen/2019-08-21/Mg1E10_S58_R1_001.fastq.gz	sraw/mgen/2019-08-21/Mg1E10_S58_R2_001.fastq.gz		SRR14874717   
SS01098		metagenomics			SS01098	sraw/mgen/2019-08-21/Mg1E11_S59_R1_001.fastq.gz	sraw/mgen/2019-08-21/Mg1E11_S59_R2_001.fastq.gz		SRR14874716   
SS01100		metagenomics			SS01100	sraw/mgen/2019-08-21/Mg1E12_S60_R1_001.fastq.gz	sraw/mgen/2019-08-21/Mg1E12_S60_R2_001.fastq.gz		SRR14874715   
SS01103		metagenomics			SS01103	sraw/mgen/2019-08-21/Mg1F01_S61_R1_001.fastq.gz	sraw/mgen/2019-08-21/Mg1F01_S61_R2_001.fastq.gz		SRR14874713   
DS0097_007		metagenomics			DS0097_007	sraw/mgen/2019-08-21/Mg1F02_S62_R1_001.fastq.gz	sraw/mgen/2019-08-21/Mg1F02_S62_R2_001.fastq.gz		SRR14874712   
DS0097_008		metagenomics			DS0097_008	sraw/mgen/2019-08-21/Mg1F03_S63_R1_001.fastq.gz	sraw/mgen/2019-08-21/Mg1F03_S63_R2_001.fastq.gz		SRR14874711   
DS0097_001		metagenomics			DS0097_001	sraw/mgen/2019-08-21/Mg1F04_S64_R1_001.fastq.gz	sraw/mgen/2019-08-21/Mg1F04_S64_R2_001.fastq.gz		SRR14874710   
DS0097_009		metagenomics			DS0097_009	sraw/mgen/2019-08-21/Mg1F05_S65_R1_001.fastq.gz	sraw/mgen/2019-08-21/Mg1F05_S65_R2_001.fastq.gz		SRR14874709   
DS0097_010		metagenomics			DS0097_010	sraw/mgen/2019-08-21/Mg1F06_S66_R1_001.fastq.gz	sraw/mgen/2019-08-21/Mg1F06_S66_R2_001.fastq.gz		SRR14874708   
DS0097_002		metagenomics			DS0097_002	sraw/mgen/2019-08-21/Mg1F07_S67_R1_001.fastq.gz	sraw/mgen/2019-08-21/Mg1F07_S67_R2_001.fastq.gz		SRR14874707   
DS0097_003		metagenomics			DS0097_003	sraw/mgen/2019-08-21/Mg1F08_S68_R1_001.fastq.gz	sraw/mgen/2019-08-21/Mg1F08_S68_R2_001.fastq.gz		SRR14874706   
DS0097_011		metagenomics			DS0097_011	sraw/mgen/2019-08-21/Mg1F09_S69_R1_001.fastq.gz	sraw/mgen/2019-08-21/Mg1F09_S69_R2_001.fastq.gz		SRR14874705   
DS0097_012		metagenomics			DS0097_012	sraw/mgen/2019-08-21/Mg1F10_S70_R1_001.fastq.gz	sraw/mgen/2019-08-21/Mg1F10_S70_R2_001.fastq.gz		SRR14874704   
DS0097_004		metagenomics			DS0097_004	sraw/mgen/2019-08-21/Mg1F11_S71_R1_001.fastq.gz	sraw/mgen/2019-08-21/Mg1F11_S71_R2_001.fastq.gz		SRR14874702   
DS0097_014		metagenomics			DS0097_014	sraw/mgen/2019-08-21/Mg1F12_S72_R1_001.fastq.gz	sraw/mgen/2019-08-21/Mg1F12_S72_R2_001.fastq.gz		SRR14874701   
DS0097_005		metagenomics			DS0097_005	sraw/mgen/2019-08-21/Mg1G01_S73_R1_001.fastq.gz	sraw/mgen/2019-08-21/Mg1G01_S73_R2_001.fastq.gz		SRR14874700   
DS0097_013		metagenomics			DS0097_013	sraw/mgen/2019-08-21/Mg1G02_S74_R1_001.fastq.gz	sraw/mgen/2019-08-21/Mg1G02_S74_R2_001.fastq.gz		SRR14874699   
DS0097_006		metagenomics			DS0097_006	sraw/mgen/2019-08-21/Mg1G03_S75_R1_001.fastq.gz	sraw/mgen/2019-08-21/Mg1G03_S75_R2_001.fastq.gz		SRR14874698   
DS0097_015		metagenomics			DS0097_015	sraw/mgen/2019-08-21/Mg1G04_S76_R1_001.fastq.gz	sraw/mgen/2019-08-21/Mg1G04_S76_R2_001.fastq.gz		SRR14874697   
DS0097_016		metagenomics			DS0097_016	sraw/mgen/2019-08-21/Mg1G05_S77_R1_001.fastq.gz	sraw/mgen/2019-08-21/Mg1G05_S77_R2_001.fastq.gz		SRR14874696   
DS0097_017		metagenomics			DS0097_017	sraw/mgen/2019-08-21/Mg1G06_S78_R1_001.fastq.gz	sraw/mgen/2019-08-21/Mg1G06_S78_R2_001.fastq.gz		SRR14874695   
DS0485_002		metagenomics			DS0485_002	sraw/mgen/2019-08-21/Mg1G07_S79_R1_001.fastq.gz	sraw/mgen/2019-08-21/Mg1G07_S79_R2_001.fastq.gz		SRR14874694   
DS0097_028		metagenomics			DS0097_028	sraw/mgen/2019-08-21/Mg1G08_S80_R1_001.fastq.gz	sraw/mgen/2019-08-21/Mg1G08_S80_R2_001.fastq.gz		SRR14874693   
DS0097_029		metagenomics			DS0097_029	sraw/mgen/2019-08-21/Mg1G09_S81_R1_001.fastq.gz	sraw/mgen/2019-08-21/Mg1G09_S81_R2_001.fastq.gz		SRR14874691   
DS0097_030		metagenomics			DS0097_030	sraw/mgen/2019-08-21/Mg1G10_S82_R1_001.fastq.gz	sraw/mgen/2019-08-21/Mg1G10_S82_R2_001.fastq.gz		SRR14874690   
DS0097_022		metagenomics			DS0097_022	sraw/mgen/2019-08-21/Mg1G11_S83_R1_001.fastq.gz	sraw/mgen/2019-08-21/Mg1G11_S83_R2_001.fastq.gz		SRR14874689   
DS0097_031		metagenomics			DS0097_031	sraw/mgen/2019-08-21/Mg1G12_S84_R1_001.fastq.gz	sraw/mgen/2019-08-21/Mg1G12_S84_R2_001.fastq.gz		SRR14874688   
DS0097_023		metagenomics			DS0097_023	sraw/mgen/2019-08-21/Mg1H01_S85_R1_001.fastq.gz	sraw/mgen/2019-08-21/Mg1H01_S85_R2_001.fastq.gz		SRR14874687   
DS0097_032		metagenomics			DS0097_032	sraw/mgen/2019-08-21/Mg1H02_S86_R1_001.fastq.gz	sraw/mgen/2019-08-21/Mg1H02_S86_R2_001.fastq.gz		SRR14874686   
DS0097_024		metagenomics			DS0097_024	sraw/mgen/2019-08-21/Mg1H03_S87_R1_001.fastq.gz	sraw/mgen/2019-08-21/Mg1H03_S87_R2_001.fastq.gz		SRR14874685   
DS0097_034		metagenomics			DS0097_034	sraw/mgen/2019-08-21/Mg1H04_S88_R1_001.fastq.gz	sraw/mgen/2019-08-21/Mg1H04_S88_R2_001.fastq.gz		SRR14874684   
DS0097_025		metagenomics			DS0097_025	sraw/mgen/2019-08-21/Mg1H05_S89_R1_001.fastq.gz	sraw/mgen/2019-08-21/Mg1H05_S89_R2_001.fastq.gz		SRR14874683   
DS0097_035		metagenomics			DS0097_035	sraw/mgen/2019-08-21/Mg1H06_S90_R1_001.fastq.gz	sraw/mgen/2019-08-21/Mg1H06_S90_R2_001.fastq.gz		SRR14874682   
DS0097_026		metagenomics			DS0097_026	sraw/mgen/2019-08-21/Mg1H07_S91_R1_001.fastq.gz	sraw/mgen/2019-08-21/Mg1H07_S91_R2_001.fastq.gz		SRR14874680   
DS0097_027		metagenomics			DS0097_027	sraw/mgen/2019-08-21/Mg1H08_S92_R1_001.fastq.gz	sraw/mgen/2019-08-21/Mg1H08_S92_R2_001.fastq.gz		SRR14874679   
DS0097_036		metagenomics			DS0097_036	sraw/mgen/2019-08-21/Mg1H09_S93_R1_001.fastq.gz	sraw/mgen/2019-08-21/Mg1H09_S93_R2_001.fastq.gz		SRR14874678   
SS01108		metagenomics			SS01108	sraw/mgen/2019-08-21/Mg1H10_S94_R1_001.fastq.gz	sraw/mgen/2019-08-21/Mg1H10_S94_R2_001.fastq.gz		SRR14874677   
SS01105		metagenomics			SS01105	sraw/mgen/2019-08-21/Mg1H11_S95_R1_001.fastq.gz	sraw/mgen/2019-08-21/Mg1H11_S95_R2_001.fastq.gz		SRR14874676   
SS01117		metagenomics			SS01117	sraw/mgen/2019-08-21/Mg1H12_S96_R1_001.fastq.gz	sraw/mgen/2019-08-21/Mg1H12_S96_R2_001.fastq.gz		SRR14874675   
SS01120		metagenomics			SS01120	sraw/mgen/2019-08-21/Mg2A01_S97_R1_001.fastq.gz	sraw/mgen/2019-08-21/Mg2A01_S97_R2_001.fastq.gz		SRR14874674   
SS01123		metagenomics			SS01123	sraw/mgen/2019-08-21/Mg2A02_S98_R1_001.fastq.gz	sraw/mgen/2019-08-21/Mg2A02_S98_R2_001.fastq.gz		SRR14874673   
SS01125		metagenomics			SS01125	sraw/mgen/2019-08-21/Mg2A03_S99_R1_001.fastq.gz	sraw/mgen/2019-08-21/Mg2A03_S99_R2_001.fastq.gz		SRR14874672   
SS01126		metagenomics			SS01126	sraw/mgen/2019-08-21/Mg2A04_S100_R1_001.fastq.gz	sraw/mgen/2019-08-21/Mg2A04_S100_R2_001.fastq.gz		SRR14874671   
SS01127		metagenomics			SS01127	sraw/mgen/2019-08-21/Mg2A05_S101_R1_001.fastq.gz	sraw/mgen/2019-08-21/Mg2A05_S101_R2_001.fastq.gz		SRR14874831   
SS01128		metagenomics			SS01128	sraw/mgen/2019-08-21/Mg2A06_S102_R1_001.fastq.gz	sraw/mgen/2019-08-21/Mg2A06_S102_R2_001.fastq.gz		SRR14874830   
SS01130		metagenomics			SS01130	sraw/mgen/2019-08-21/Mg2A07_S103_R1_001.fastq.gz	sraw/mgen/2019-08-21/Mg2A07_S103_R2_001.fastq.gz		SRR14874829   
SS01131		metagenomics			SS01131	sraw/mgen/2019-08-21/Mg2A08_S104_R1_001.fastq.gz	sraw/mgen/2019-08-21/Mg2A08_S104_R2_001.fastq.gz		SRR14874828   
SS01133		metagenomics			SS01133	sraw/mgen/2019-08-21/Mg2A09_S105_R1_001.fastq.gz	sraw/mgen/2019-08-21/Mg2A09_S105_R2_001.fastq.gz		SRR14874827   
SS01134		metagenomics			SS01134	sraw/mgen/2019-08-21/Mg2A10_S106_R1_001.fastq.gz	sraw/mgen/2019-08-21/Mg2A10_S106_R2_001.fastq.gz		SRR14874826   
SS01135		metagenomics			SS01135	sraw/mgen/2019-08-21/Mg2A11_S107_R1_001.fastq.gz	sraw/mgen/2019-08-21/Mg2A11_S107_R2_001.fastq.gz		SRR14874825   
SS01137		metagenomics			SS01137	sraw/mgen/2019-08-21/Mg2A12_S108_R1_001.fastq.gz	sraw/mgen/2019-08-21/Mg2A12_S108_R2_001.fastq.gz		SRR14874824   
SS01138		metagenomics			SS01138	sraw/mgen/2019-08-21/Mg2B01_S109_R1_001.fastq.gz	sraw/mgen/2019-08-21/Mg2B01_S109_R2_001.fastq.gz		SRR14874823   
SS01136		metagenomics			SS01136	sraw/mgen/2019-08-21/Mg2B02_S110_R1_001.fastq.gz	sraw/mgen/2019-08-21/Mg2B02_S110_R2_001.fastq.gz		SRR14874822   
SS01139		metagenomics			SS01139	sraw/mgen/2019-08-21/Mg2B03_S111_R1_001.fastq.gz	sraw/mgen/2019-08-21/Mg2B03_S111_R2_001.fastq.gz		SRR14874820   
SS01141		metagenomics			SS01141	sraw/mgen/2019-08-21/Mg2B04_S112_R1_001.fastq.gz	sraw/mgen/2019-08-21/Mg2B04_S112_R2_001.fastq.gz		SRR14874819   
SS01140		metagenomics			SS01140	sraw/mgen/2019-08-21/Mg2B05_S113_R1_001.fastq.gz	sraw/mgen/2019-08-21/Mg2B05_S113_R2_001.fastq.gz		SRR14874818   
SS01142		metagenomics			SS01142	sraw/mgen/2019-08-21/Mg2B06_S114_R1_001.fastq.gz	sraw/mgen/2019-08-21/Mg2B06_S114_R2_001.fastq.gz		SRR14874817   
SS01149		metagenomics			SS01149	sraw/mgen/2019-08-21/Mg2B07_S115_R1_001.fastq.gz	sraw/mgen/2019-08-21/Mg2B07_S115_R2_001.fastq.gz		SRR14874816   
SS01145		metagenomics			SS01145	sraw/mgen/2019-08-21/Mg2B08_S116_R1_001.fastq.gz	sraw/mgen/2019-08-21/Mg2B08_S116_R2_001.fastq.gz		SRR14874815   
SS01146		metagenomics			SS01146	sraw/mgen/2019-08-21/Mg2B09_S117_R1_001.fastq.gz	sraw/mgen/2019-08-21/Mg2B09_S117_R2_001.fastq.gz		SRR14874814   
SS01151		metagenomics			SS01151	sraw/mgen/2019-08-21/Mg2B10_S118_R1_001.fastq.gz	sraw/mgen/2019-08-21/Mg2B10_S118_R2_001.fastq.gz		SRR14874813   
SS01147		metagenomics			SS01147	sraw/mgen/2019-08-21/Mg2B11_S119_R1_001.fastq.gz	sraw/mgen/2019-08-21/Mg2B11_S119_R2_001.fastq.gz		SRR14874812   
SS01150		metagenomics			SS01150	sraw/mgen/2019-08-21/Mg2B12_S120_R1_001.fastq.gz	sraw/mgen/2019-08-21/Mg2B12_S120_R2_001.fastq.gz		SRR14874811   
SS01154		metagenomics			SS01154	sraw/mgen/2019-08-21/Mg2C01_S121_R1_001.fastq.gz	sraw/mgen/2019-08-21/Mg2C01_S121_R2_001.fastq.gz		SRR14874809   
SS01155		metagenomics			SS01155	sraw/mgen/2019-08-21/Mg2C02_S122_R1_001.fastq.gz	sraw/mgen/2019-08-21/Mg2C02_S122_R2_001.fastq.gz		SRR14874808   
SS01148		metagenomics			SS01148	sraw/mgen/2019-08-21/Mg2C03_S123_R1_001.fastq.gz	sraw/mgen/2019-08-21/Mg2C03_S123_R2_001.fastq.gz		SRR14874807   
SS01156		metagenomics			SS01156	sraw/mgen/2019-08-21/Mg2C04_S124_R1_001.fastq.gz	sraw/mgen/2019-08-21/Mg2C04_S124_R2_001.fastq.gz		SRR14874806   
SS01160		metagenomics			SS01160	sraw/mgen/2019-08-21/Mg2C05_S125_R1_001.fastq.gz	sraw/mgen/2019-08-21/Mg2C05_S125_R2_001.fastq.gz		SRR14874805   
SS01157		metagenomics			SS01157	sraw/mgen/2019-08-21/Mg2C06_S126_R1_001.fastq.gz	sraw/mgen/2019-08-21/Mg2C06_S126_R2_001.fastq.gz		SRR14874804   
SS01158		metagenomics			SS01158	sraw/mgen/2019-08-21/Mg2C07_S127_R1_001.fastq.gz	sraw/mgen/2019-08-21/Mg2C07_S127_R2_001.fastq.gz		SRR14874803   
SS01153		metagenomics			SS01153	sraw/mgen/2019-08-21/Mg2C08_S128_R1_001.fastq.gz	sraw/mgen/2019-08-21/Mg2C08_S128_R2_001.fastq.gz		SRR14874802   
SS01162		metagenomics			SS01162	sraw/mgen/2019-08-21/Mg2C09_S129_R1_001.fastq.gz	sraw/mgen/2019-08-21/Mg2C09_S129_R2_001.fastq.gz		SRR14874801   
SS01161		metagenomics			SS01161	sraw/mgen/2019-08-21/Mg2C10_S130_R1_001.fastq.gz	sraw/mgen/2019-08-21/Mg2C10_S130_R2_001.fastq.gz		SRR14874800   
SS01164		metagenomics			SS01164	sraw/mgen/2019-08-21/Mg2C11_S131_R1_001.fastq.gz	sraw/mgen/2019-08-21/Mg2C11_S131_R2_001.fastq.gz		SRR14874798   
SS01163		metagenomics			SS01163	sraw/mgen/2019-08-21/Mg2C12_S132_R1_001.fastq.gz	sraw/mgen/2019-08-21/Mg2C12_S132_R2_001.fastq.gz		SRR14874797   
SS01169		metagenomics			SS01169	sraw/mgen/2019-08-21/Mg2D01_S133_R1_001.fastq.gz	sraw/mgen/2019-08-21/Mg2D01_S133_R2_001.fastq.gz		SRR14874796   
SS01165		metagenomics			SS01165	sraw/mgen/2019-08-21/Mg2D02_S134_R1_001.fastq.gz	sraw/mgen/2019-08-21/Mg2D02_S134_R2_001.fastq.gz		SRR14874795   
SS01168		metagenomics			SS01168	sraw/mgen/2019-08-21/Mg2D03_S135_R1_001.fastq.gz	sraw/mgen/2019-08-21/Mg2D03_S135_R2_001.fastq.gz		SRR14874794   
SS01167		metagenomics			SS01167	sraw/mgen/2019-08-21/Mg2D04_S136_R1_001.fastq.gz	sraw/mgen/2019-08-21/Mg2D04_S136_R2_001.fastq.gz		SRR14874793   
SS01166		metagenomics			SS01166	sraw/mgen/2019-08-21/Mg2D05_S137_R1_001.fastq.gz	sraw/mgen/2019-08-21/Mg2D05_S137_R2_001.fastq.gz		SRR14874792   
SS01170		metagenomics			SS01170	sraw/mgen/2019-08-21/Mg2D06_S138_R1_001.fastq.gz	sraw/mgen/2019-08-21/Mg2D06_S138_R2_001.fastq.gz		SRR14874791   
SS01171		metagenomics			SS01171	sraw/mgen/2019-08-21/Mg2D07_S139_R1_001.fastq.gz	sraw/mgen/2019-08-21/Mg2D07_S139_R2_001.fastq.gz		SRR14874790   
DS0044_002		metagenomics			DS0044_002	sraw/mgen/2019-08-21/Mg2D08_S140_R1_001.fastq.gz	sraw/mgen/2019-08-21/Mg2D08_S140_R2_001.fastq.gz		SRR14874789   
DS0044_003		metagenomics			DS0044_003	sraw/mgen/2019-08-21/Mg2D09_S141_R1_001.fastq.gz	sraw/mgen/2019-08-21/Mg2D09_S141_R2_001.fastq.gz		SRR14874787   
DS0044_004		metagenomics			DS0044_004	sraw/mgen/2019-08-21/Mg2D10_S142_R1_001.fastq.gz	sraw/mgen/2019-08-21/Mg2D10_S142_R2_001.fastq.gz		SRR14874786   
DS0044_005		metagenomics			DS0044_005	sraw/mgen/2019-08-21/Mg2D11_S143_R1_001.fastq.gz	sraw/mgen/2019-08-21/Mg2D11_S143_R2_001.fastq.gz		SRR14874785   
DS0044_006		metagenomics			DS0044_006	sraw/mgen/2019-08-21/Mg2D12_S144_R1_001.fastq.gz	sraw/mgen/2019-08-21/Mg2D12_S144_R2_001.fastq.gz		SRR14874784   
DS0044_007		metagenomics			DS0044_007	sraw/mgen/2019-08-21/Mg2E01_S145_R1_001.fastq.gz	sraw/mgen/2019-08-21/Mg2E01_S145_R2_001.fastq.gz		SRR14874783   
DS0044_008		metagenomics			DS0044_008	sraw/mgen/2019-08-21/Mg2E02_S146_R1_001.fastq.gz	sraw/mgen/2019-08-21/Mg2E02_S146_R2_001.fastq.gz		SRR14874782   
DS0044_009		metagenomics			DS0044_009	sraw/mgen/2019-08-21/Mg2E03_S147_R1_001.fastq.gz	sraw/mgen/2019-08-21/Mg2E03_S147_R2_001.fastq.gz		SRR14874781   
DS0044_010		metagenomics			DS0044_010	sraw/mgen/2019-08-21/Mg2E04_S148_R1_001.fastq.gz	sraw/mgen/2019-08-21/Mg2E04_S148_R2_001.fastq.gz		SRR14874780   
DS0044_011		metagenomics			DS0044_011	sraw/mgen/2019-08-21/Mg2E05_S149_R1_001.fastq.gz	sraw/mgen/2019-08-21/Mg2E05_S149_R2_001.fastq.gz		SRR14874779   
SS01172		metagenomics			SS01172	sraw/mgen/2019-08-21/Mg2E06_S150_R1_001.fastq.gz	sraw/mgen/2019-08-21/Mg2E06_S150_R2_001.fastq.gz		SRR14874778   
SS01185		metagenomics			SS01185	sraw/mgen/2019-08-21/Mg2E07_S151_R1_001.fastq.gz	sraw/mgen/2019-08-21/Mg2E07_S151_R2_001.fastq.gz		SRR14874776   
SS01008b		metagenomics			SS01008	sraw/mgen/2021-03-12/DFS_1008_S3_L004_R1_001.fastq.gz	sraw/mgen/2021-03-12/DFS_1008_S3_L004_R2_001.fastq.gz	resequenced in separate qb3 run; original library low coverage	SRR14874775   
SS01013b		metagenomics			SS01013	sraw/mgen/2021-03-12/DFS_1013_S1_L004_R1_001.fastq.gz	sraw/mgen/2021-03-12/DFS_1013_S1_L004_R2_001.fastq.gz	resequenced in separate qb3 run; original library low coverage	SRR14874774   
SS01020b		metagenomics			SS01020	sraw/mgen/2021-03-12/DFS_1020_S6_L004_R1_001.fastq.gz	sraw/mgen/2021-03-12/DFS_1020_S6_L004_R2_001.fastq.gz	resequenced in separate qb3 run; original library low coverage	SRR14874773   
SS01032b		metagenomics			SS01032	sraw/mgen/2021-03-12/DFS_1032_S7_L004_R1_001.fastq.gz	sraw/mgen/2021-03-12/DFS_1032_S7_L004_R2_001.fastq.gz	resequenced in separate qb3 run; original library low coverage	SRR14874772   
SS01034b		metagenomics			SS01034	sraw/mgen/2021-03-12/DFS_1034_S8_L004_R1_001.fastq.gz	sraw/mgen/2021-03-12/DFS_1034_S8_L004_R2_001.fastq.gz	resequenced in separate qb3 run; original library low coverage	SRR14874771   
SS01039b		metagenomics			SS01039	sraw/mgen/2021-03-12/DFS_1039_S9_L004_R1_001.fastq.gz	sraw/mgen/2021-03-12/DFS_1039_S9_L004_R2_001.fastq.gz	resequenced in separate qb3 run; original library low coverage	SRR14874770   
SS01043b		metagenomics			SS01043	sraw/mgen/2021-03-12/DFS_1043_S10_L004_R1_001.fastq.gz	sraw/mgen/2021-03-12/DFS_1043_S10_L004_R2_001.fastq.gz	resequenced in separate qb3 run; original library low coverage	SRR14874769   
SS01046b		metagenomics			SS01046	sraw/mgen/2021-03-12/DFS_1046_S11_L004_R1_001.fastq.gz	sraw/mgen/2021-03-12/DFS_1046_S11_L004_R2_001.fastq.gz	resequenced in separate qb3 run; original library low coverage	SRR14874768   
SS01062b		metagenomics			SS01062	sraw/mgen/2021-03-12/DFS_1062_S12_L004_R1_001.fastq.gz	sraw/mgen/2021-03-12/DFS_1062_S12_L004_R2_001.fastq.gz	resequenced in separate qb3 run; original library low coverage	SRR14874767   
SS01093b		metagenomics			SS01093	sraw/mgen/2021-03-12/DFS_1093_S13_L004_R1_001.fastq.gz	sraw/mgen/2021-03-12/DFS_1093_S13_L004_R2_001.fastq.gz	resequenced in separate qb3 run; original library low coverage	SRR14874765   
SS01117b		metagenomics			SS01117	sraw/mgen/2021-03-12/DFS_1117_S2_L004_R1_001.fastq.gz	sraw/mgen/2021-03-12/DFS_1117_S2_L004_R2_001.fastq.gz	resequenced in separate qb3 run; original library low coverage	SRR14874764   
SS01120b		metagenomics			SS01120	sraw/mgen/2021-03-12/DFS_1120_S4_L004_R1_001.fastq.gz	sraw/mgen/2021-03-12/DFS_1120_S4_L004_R2_001.fastq.gz	resequenced in separate qb3 run; original library low coverage	SRR14874763   
SS01126b		metagenomics			SS01126	sraw/mgen/2021-03-12/DFS_1126_S5_L004_R1_001.fastq.gz	sraw/mgen/2021-03-12/DFS_1126_S5_L004_R2_001.fastq.gz	resequenced in separate qb3 run; original library low coverage	SRR14874762   
SS01067		metagenomics			SS01067	sraw/mgen/2021-03-31/DFS_1067/DFS_1067_S118_R1_001.fastq.gz	sraw/mgen/2021-03-31/DFS_1067/DFS_1067_S118_R2_001.fastq.gz			
SS01070		metagenomics			SS01070	sraw/mgen/2021-03-31/DFS_1070/DFS_1070_S117_R1_001.fastq.gz	sraw/mgen/2021-03-31/DFS_1070/DFS_1070_S117_R2_001.fastq.gz			
SS01089		metagenomics			SS01089	sraw/mgen/2021-03-31/DFS_1089/DFS_1089_S121_R1_001.fastq.gz	sraw/mgen/2021-03-31/DFS_1089/DFS_1089_S121_R2_001.fastq.gz			
SS01093c		metagenomics			SS01093	sraw/mgen/2021-03-31/DFS_1093/DFS_1093_S119_R1_001.fastq.gz	sraw/mgen/2021-03-31/DFS_1093/DFS_1093_S119_R2_001.fastq.gz			
SS01109		metagenomics			SS01109	sraw/mgen/2021-03-31/DFS_1109/DFS_1109_S136_R1_001.fastq.gz	sraw/mgen/2021-03-31/DFS_1109/DFS_1109_S136_R2_001.fastq.gz			
SS01119		metagenomics			SS01119	sraw/mgen/2021-03-31/DFS_1119/DFS_1119_S120_R1_001.fastq.gz	sraw/mgen/2021-03-31/DFS_1119/DFS_1119_S120_R2_001.fastq.gz			
SS01124		metagenomics			SS01124	sraw/mgen/2021-03-31/DFS_1124/DFS_1124_S189_R1_001.fastq.gz	sraw/mgen/2021-03-31/DFS_1124/DFS_1124_S189_R2_001.fastq.gz			
SS01132		metagenomics			SS01132	sraw/mgen/2021-03-31/DFS_1132/DFS_1132_S122_R1_001.fastq.gz	sraw/mgen/2021-03-31/DFS_1132/DFS_1132_S122_R2_001.fastq.gz			
SS01173		metagenomics			SS01173	sraw/mgen/2021-03-31/DFS_1173/DFS_1173_S125_R1_001.fastq.gz	sraw/mgen/2021-03-31/DFS_1173/DFS_1173_S125_R2_001.fastq.gz			
SS01175		metagenomics			SS01175	sraw/mgen/2021-03-31/DFS_1175/DFS_1175_S202_R1_001.fastq.gz	sraw/mgen/2021-03-31/DFS_1175/DFS_1175_S202_R2_001.fastq.gz			
SS01176		metagenomics			SS01176	sraw/mgen/2021-03-31/DFS_1176/DFS_1176_S126_R1_001.fastq.gz	sraw/mgen/2021-03-31/DFS_1176/DFS_1176_S126_R2_001.fastq.gz			
SS01177		metagenomics			SS01177	sraw/mgen/2021-03-31/DFS_1177/DFS_1177_S127_R1_001.fastq.gz	sraw/mgen/2021-03-31/DFS_1177/DFS_1177_S127_R2_001.fastq.gz			
SS01179		metagenomics			SS01179	sraw/mgen/2021-03-31/DFS_1179/DFS_1179_S138_R1_001.fastq.gz	sraw/mgen/2021-03-31/DFS_1179/DFS_1179_S138_R2_001.fastq.gz			
SS01180		metagenomics			SS01180	sraw/mgen/2021-03-31/DFS_1180/DFS_1180_S131_R1_001.fastq.gz	sraw/mgen/2021-03-31/DFS_1180/DFS_1180_S131_R2_001.fastq.gz			
SS01181		metagenomics			SS01181	sraw/mgen/2021-03-31/DFS_1181/DFS_1181_S123_R1_001.fastq.gz	sraw/mgen/2021-03-31/DFS_1181/DFS_1181_S123_R2_001.fastq.gz			
SS01182		metagenomics			SS01182	sraw/mgen/2021-03-31/DFS_1182/DFS_1182_S128_R1_001.fastq.gz	sraw/mgen/2021-03-31/DFS_1182/DFS_1182_S128_R2_001.fastq.gz			
SS01183		metagenomics			SS01183	sraw/mgen/2021-03-31/DFS_1183/DFS_1183_S191_R1_001.fastq.gz	sraw/mgen/2021-03-31/DFS_1183/DFS_1183_S191_R2_001.fastq.gz			
SS01184		metagenomics			SS01184	sraw/mgen/2021-03-31/DFS_1184/DFS_1184_S190_R1_001.fastq.gz	sraw/mgen/2021-03-31/DFS_1184/DFS_1184_S190_R2_001.fastq.gz			
SS01185b		metagenomics			SS01185	sraw/mgen/2021-03-31/DFS_1185/DFS_1185_S124_R1_001.fastq.gz	sraw/mgen/2021-03-31/DFS_1185/DFS_1185_S124_R2_001.fastq.gz			
SS01188		metagenomics			SS01188	sraw/mgen/2021-03-31/DFS_1188/DFS_1188_S132_R1_001.fastq.gz	sraw/mgen/2021-03-31/DFS_1188/DFS_1188_S132_R2_001.fastq.gz			
SS01191		metagenomics			SS01191	sraw/mgen/2021-03-31/DFS_1191/DFS_1191_S139_R1_001.fastq.gz	sraw/mgen/2021-03-31/DFS_1191/DFS_1191_S139_R2_001.fastq.gz			
SS01194		metagenomics			SS01194	sraw/mgen/2021-03-31/DFS_1194/DFS_1194_S133_R1_001.fastq.gz	sraw/mgen/2021-03-31/DFS_1194/DFS_1194_S133_R2_001.fastq.gz			
SS01195		metagenomics			SS01195	sraw/mgen/2021-03-31/DFS_1195/DFS_1195_S134_R1_001.fastq.gz	sraw/mgen/2021-03-31/DFS_1195/DFS_1195_S134_R2_001.fastq.gz			
SS01197		metagenomics			SS01197	sraw/mgen/2021-03-31/DFS_1197/DFS_1197_S140_R1_001.fastq.gz	sraw/mgen/2021-03-31/DFS_1197/DFS_1197_S140_R2_001.fastq.gz			
SS01198		metagenomics			SS01198	sraw/mgen/2021-03-31/DFS_1198/DFS_1198_S147_R1_001.fastq.gz	sraw/mgen/2021-03-31/DFS_1198/DFS_1198_S147_R2_001.fastq.gz			
SS01199		metagenomics			SS01199	sraw/mgen/2021-03-31/DFS_1199/DFS_1199_S130_R1_001.fastq.gz	sraw/mgen/2021-03-31/DFS_1199/DFS_1199_S130_R2_001.fastq.gz			
SS01200		metagenomics			SS01200	sraw/mgen/2021-03-31/DFS_1200/DFS_1200_S129_R1_001.fastq.gz	sraw/mgen/2021-03-31/DFS_1200/DFS_1200_S129_R2_001.fastq.gz			
SS01201		metagenomics			SS01201	sraw/mgen/2021-03-31/DFS_1201/DFS_1201_S148_R1_001.fastq.gz	sraw/mgen/2021-03-31/DFS_1201/DFS_1201_S148_R2_001.fastq.gz			
SS01203		metagenomics			SS01203	sraw/mgen/2021-03-31/DFS_1203/DFS_1203_S141_R1_001.fastq.gz	sraw/mgen/2021-03-31/DFS_1203/DFS_1203_S141_R2_001.fastq.gz			
SS01204		metagenomics			SS01204	sraw/mgen/2021-03-31/DFS_1204/DFS_1204_S135_R1_001.fastq.gz	sraw/mgen/2021-03-31/DFS_1204/DFS_1204_S135_R2_001.fastq.gz			
SS01205		metagenomics			SS01205	sraw/mgen/2021-03-31/DFS_1205/DFS_1205_S201_R1_001.fastq.gz	sraw/mgen/2021-03-31/DFS_1205/DFS_1205_S201_R2_001.fastq.gz			
SS01206		metagenomics			SS01206	sraw/mgen/2021-03-31/DFS_1206/DFS_1206_S143_R1_001.fastq.gz	sraw/mgen/2021-03-31/DFS_1206/DFS_1206_S143_R2_001.fastq.gz			
SS01207		metagenomics			SS01207	sraw/mgen/2021-03-31/DFS_1207/DFS_1207_S203_R1_001.fastq.gz	sraw/mgen/2021-03-31/DFS_1207/DFS_1207_S203_R2_001.fastq.gz			
SS01208		metagenomics			SS01208	sraw/mgen/2021-03-31/DFS_1208/DFS_1208_S142_R1_001.fastq.gz	sraw/mgen/2021-03-31/DFS_1208/DFS_1208_S142_R2_001.fastq.gz			
SS01210		metagenomics			SS01210	sraw/mgen/2021-03-31/DFS_1210/DFS_1210_S149_R1_001.fastq.gz	sraw/mgen/2021-03-31/DFS_1210/DFS_1210_S149_R2_001.fastq.gz			
SS01211		metagenomics			SS01211	sraw/mgen/2021-03-31/DFS_1211/DFS_1211_S150_R1_001.fastq.gz	sraw/mgen/2021-03-31/DFS_1211/DFS_1211_S150_R2_001.fastq.gz			
SS01212		metagenomics			SS01212	sraw/mgen/2021-03-31/DFS_1212/DFS_1212_S151_R1_001.fastq.gz	sraw/mgen/2021-03-31/DFS_1212/DFS_1212_S151_R2_001.fastq.gz			
SS01213		metagenomics			SS01213	sraw/mgen/2021-03-31/DFS_1213/DFS_1213_S154_R1_001.fastq.gz	sraw/mgen/2021-03-31/DFS_1213/DFS_1213_S154_R2_001.fastq.gz			
SS01214		metagenomics			SS01214	sraw/mgen/2021-03-31/DFS_1214/DFS_1214_S144_R1_001.fastq.gz	sraw/mgen/2021-03-31/DFS_1214/DFS_1214_S144_R2_001.fastq.gz			
SS01216		metagenomics			SS01216	sraw/mgen/2021-03-31/DFS_1216/DFS_1216_S152_R1_001.fastq.gz	sraw/mgen/2021-03-31/DFS_1216/DFS_1216_S152_R2_001.fastq.gz			
SS01217		metagenomics			SS01217	sraw/mgen/2021-03-31/DFS_1217/DFS_1217_S153_R1_001.fastq.gz	sraw/mgen/2021-03-31/DFS_1217/DFS_1217_S153_R2_001.fastq.gz			
SS01218		metagenomics			SS01218	sraw/mgen/2021-03-31/DFS_1218/DFS_1218_S137_R1_001.fastq.gz	sraw/mgen/2021-03-31/DFS_1218/DFS_1218_S137_R2_001.fastq.gz			
SS01219		metagenomics			SS01219	sraw/mgen/2021-03-31/DFS_1219/DFS_1219_S145_R1_001.fastq.gz	sraw/mgen/2021-03-31/DFS_1219/DFS_1219_S145_R2_001.fastq.gz			
SS01220		metagenomics			SS01220	sraw/mgen/2021-03-31/DFS_1220/DFS_1220_S156_R1_001.fastq.gz	sraw/mgen/2021-03-31/DFS_1220/DFS_1220_S156_R2_001.fastq.gz			
SS01221		metagenomics			SS01221	sraw/mgen/2021-03-31/DFS_1221/DFS_1221_S192_R1_001.fastq.gz	sraw/mgen/2021-03-31/DFS_1221/DFS_1221_S192_R2_001.fastq.gz			
SS01222		metagenomics			SS01222	sraw/mgen/2021-03-31/DFS_1222/DFS_1222_S157_R1_001.fastq.gz	sraw/mgen/2021-03-31/DFS_1222/DFS_1222_S157_R2_001.fastq.gz			
SS01223		metagenomics			SS01223	sraw/mgen/2021-03-31/DFS_1223/DFS_1223_S164_R1_001.fastq.gz	sraw/mgen/2021-03-31/DFS_1223/DFS_1223_S164_R2_001.fastq.gz			
SS01224		metagenomics			SS01224	sraw/mgen/2021-03-31/DFS_1224/DFS_1224_S204_R1_001.fastq.gz	sraw/mgen/2021-03-31/DFS_1224/DFS_1224_S204_R2_001.fastq.gz			
SS01225		metagenomics			SS01225	sraw/mgen/2021-03-31/DFS_1225/DFS_1225_S158_R1_001.fastq.gz	sraw/mgen/2021-03-31/DFS_1225/DFS_1225_S158_R2_001.fastq.gz			
SS01226		metagenomics			SS01226	sraw/mgen/2021-03-31/DFS_1226/DFS_1226_S165_R1_001.fastq.gz	sraw/mgen/2021-03-31/DFS_1226/DFS_1226_S165_R2_001.fastq.gz			
SS01227		metagenomics			SS01227	sraw/mgen/2021-03-31/DFS_1227/DFS_1227_S193_R1_001.fastq.gz	sraw/mgen/2021-03-31/DFS_1227/DFS_1227_S193_R2_001.fastq.gz			
SS01228		metagenomics			SS01228	sraw/mgen/2021-03-31/DFS_1228/DFS_1228_S160_R1_001.fastq.gz	sraw/mgen/2021-03-31/DFS_1228/DFS_1228_S160_R2_001.fastq.gz			
SS01229		metagenomics			SS01229	sraw/mgen/2021-03-31/DFS_1229/DFS_1229_S166_R1_001.fastq.gz	sraw/mgen/2021-03-31/DFS_1229/DFS_1229_S166_R2_001.fastq.gz			
SS01230		metagenomics			SS01230	sraw/mgen/2021-03-31/DFS_1230/DFS_1230_S159_R1_001.fastq.gz	sraw/mgen/2021-03-31/DFS_1230/DFS_1230_S159_R2_001.fastq.gz			
SS01231		metagenomics			SS01231	sraw/mgen/2021-03-31/DFS_1231/DFS_1231_S161_R1_001.fastq.gz	sraw/mgen/2021-03-31/DFS_1231/DFS_1231_S161_R2_001.fastq.gz			
SS01232		metagenomics			SS01232	sraw/mgen/2021-03-31/DFS_1232/DFS_1232_S167_R1_001.fastq.gz	sraw/mgen/2021-03-31/DFS_1232/DFS_1232_S167_R2_001.fastq.gz			
SS01234		metagenomics			SS01234	sraw/mgen/2021-03-31/DFS_1234/DFS_1234_S168_R1_001.fastq.gz	sraw/mgen/2021-03-31/DFS_1234/DFS_1234_S168_R2_001.fastq.gz			
SS01236		metagenomics			SS01236	sraw/mgen/2021-03-31/DFS_1236/DFS_1236_S162_R1_001.fastq.gz	sraw/mgen/2021-03-31/DFS_1236/DFS_1236_S162_R2_001.fastq.gz			
SS01239		metagenomics			SS01239	sraw/mgen/2021-03-31/DFS_1239/DFS_1239_S170_R1_001.fastq.gz	sraw/mgen/2021-03-31/DFS_1239/DFS_1239_S170_R2_001.fastq.gz			
SS01240		metagenomics			SS01240	sraw/mgen/2021-03-31/DFS_1240/DFS_1240_S155_R1_001.fastq.gz	sraw/mgen/2021-03-31/DFS_1240/DFS_1240_S155_R2_001.fastq.gz			
SS01241		metagenomics			SS01241	sraw/mgen/2021-03-31/DFS_1241/DFS_1241_S146_R1_001.fastq.gz	sraw/mgen/2021-03-31/DFS_1241/DFS_1241_S146_R2_001.fastq.gz			
SS01242		metagenomics			SS01242	sraw/mgen/2021-03-31/DFS_1242/DFS_1242_S171_R1_001.fastq.gz	sraw/mgen/2021-03-31/DFS_1242/DFS_1242_S171_R2_001.fastq.gz			
SS01247		metagenomics			SS01247	sraw/mgen/2021-03-31/DFS_1247/DFS_1247_S205_R1_001.fastq.gz	sraw/mgen/2021-03-31/DFS_1247/DFS_1247_S205_R2_001.fastq.gz			
SS01248		metagenomics			SS01248	sraw/mgen/2021-03-31/DFS_1248/DFS_1248_S172_R1_001.fastq.gz	sraw/mgen/2021-03-31/DFS_1248/DFS_1248_S172_R2_001.fastq.gz			
SS01252		metagenomics			SS01252	sraw/mgen/2021-03-31/DFS_1252/DFS_1252_S163_R1_001.fastq.gz	sraw/mgen/2021-03-31/DFS_1252/DFS_1252_S163_R2_001.fastq.gz			
SS01255		metagenomics			SS01255	sraw/mgen/2021-03-31/DFS_1255/DFS_1255_S169_R1_001.fastq.gz	sraw/mgen/2021-03-31/DFS_1255/DFS_1255_S169_R2_001.fastq.gz			
SS01260		metagenomics			SS01260	sraw/mgen/2021-03-31/DFS_1260/DFS_1260_S194_R1_001.fastq.gz	sraw/mgen/2021-03-31/DFS_1260/DFS_1260_S194_R2_001.fastq.gz			
