library_id	external_id	library_type	number_of_lanes_aggregated	sequenced_reads	preparation_id
CSM5FZ3N_C3001C1_MBX	CSM5FZ3N	metabolomics			CSM5FZ3N_C3001C1_MBX
CSM5FZ4C_C3001C5_MBX	CSM5FZ4C	metabolomics			CSM5FZ4C_C3001C5_MBX
CSM5MCVV_C3001C9_MBX	CSM5MCVV	metabolomics			CSM5MCVV_C3001C9_MBX
CSM67UA2_C3001C15_MBX	CSM67UA2	metabolomics			CSM67UA2_C3001C15_MBX
CSM79HGP_C3001C20_MBX	CSM79HGP	metabolomics			CSM79HGP_C3001C20_MBX
CSM79HMZ_C3001C24_MBX	CSM79HMZ	metabolomics			CSM79HMZ_C3001C24_MBX
CSM5FZ3T_C3002C1_MBX	CSM5FZ3T	metabolomics			CSM5FZ3T_C3002C1_MBX
CSM5FZ44_C3002C5_MBX	CSM5FZ44	metabolomics			CSM5FZ44_C3002C5_MBX
CSM5MCVN_C3002C9_MBX	CSM5MCVN	metabolomics			CSM5MCVN_C3002C9_MBX
CSM67UBH_C3002C14_MBX	CSM67UBH	metabolomics			CSM67UBH_C3002C14_MBX
CSM67UBN_C3002C17_MBX	CSM67UBN	metabolomics			CSM67UBN_C3002C17_MBX
CSM79HK1_C3002C21_MBX	CSM79HK1	metabolomics			CSM79HK1_C3002C21_MBX
CSM5FZ48_C3003C1_MBX	CSM5FZ48	metabolomics			CSM5FZ48_C3003C1_MBX
CSM5FZ4K_C3003C5_MBX	CSM5FZ4K	metabolomics			CSM5FZ4K_C3003C5_MBX
CSM5MCYK_C3003C10_MBX	CSM5MCYK	metabolomics			CSM5MCYK_C3003C10_MBX
CSM67UBZ_C3003C14_MBX	CSM67UBZ	metabolomics			CSM67UBZ_C3003C14_MBX
CSM79HLM_C3003C19_MBX	CSM79HLM	metabolomics			CSM79HLM_C3003C19_MBX
CSM5FZ4A_C3004C1_MBX	CSM5FZ4A	metabolomics			CSM5FZ4A_C3004C1_MBX
CSM5MCUC_C3004C5_MBX	CSM5MCUC	metabolomics			CSM5MCUC_C3004C5_MBX
CSM5MCXL_C3004C9_MBX	CSM5MCXL	metabolomics			CSM5MCXL_C3004C9_MBX
CSM67UDN_C3004C15_MBX	CSM67UDN	metabolomics			CSM67UDN_C3004C15_MBX
CSM79HLA_C3004C19_MBX	CSM79HLA	metabolomics			CSM79HLA_C3004C19_MBX
CSM5FZ4O_C3005C1_MBX	CSM5FZ4O	metabolomics			CSM5FZ4O_C3005C1_MBX
CSM5MCUU_C3005C4_MBX	CSM5MCUU	metabolomics			CSM5MCUU_C3005C4_MBX
CSM5MCY8_C3005C9_MBX	CSM5MCY8	metabolomics			CSM5MCY8_C3005C9_MBX
CSM67UEA_C3005C15_MBX	CSM67UEA	metabolomics			CSM67UEA_C3005C15_MBX
CSM67UEI_C3005C19_MBX	CSM67UEI	metabolomics			CSM67UEI_C3005C19_MBX
CSM5MCTZ_C3006C1_MBX	CSM5MCTZ	metabolomics			CSM5MCTZ_C3006C1_MBX
CSM5MCUM_C3006C5_MBX	CSM5MCUM	metabolomics			CSM5MCUM_C3006C5_MBX
CSM5MCX3_C3006C9_MBX	CSM5MCX3	metabolomics			CSM5MCX3_C3006C9_MBX
CSM67UFZ_C3006C14_MBX	CSM67UFZ	metabolomics			CSM67UFZ_C3006C14_MBX
CSM79HMN_C3006C19_MBX	CSM79HMN	metabolomics			CSM79HMN_C3006C19_MBX
CSM5MCU4_C3008C1_MBX	CSM5MCU4	metabolomics			CSM5MCU4_C3008C1_MBX
CSM5MCW4_C3008C4_MBX	CSM5MCW4	metabolomics			CSM5MCW4_C3008C4_MBX
CSM5MCZ3_C3008C9_MBX	CSM5MCZ3	metabolomics			CSM5MCZ3_C3008C9_MBX
CSM79HKR_C3008C16_MBX	CSM79HKR	metabolomics			CSM79HKR_C3008C16_MBX
CSM5MCVH_C3009C1_MBX	CSM5MCVH	metabolomics			CSM5MCVH_C3009C1_MBX
CSM5MCWE_C3009C5_MBX	CSM5MCWE	metabolomics			CSM5MCWE_C3009C5_MBX
CSM67UAA_C3009C9_MBX	CSM67UAA	metabolomics			CSM67UAA_C3009C9_MBX
CSM79HI7_C3009C15_MBX	CSM79HI7	metabolomics			CSM79HI7_C3009C15_MBX
CSM79HIB_C3009C18_MBX	CSM79HIB	metabolomics			CSM79HIB_C3009C18_MBX
CSM7KOJO_C3009C24_MBX	CSM7KOJO	metabolomics			CSM7KOJO_C3009C24_MBX
CSM5MCWK_C3010C1_MBX	CSM5MCWK	metabolomics			CSM5MCWK_C3010C1_MBX
CSM5MCXZ_C3010C5_MBX	CSM5MCXZ	metabolomics			CSM5MCXZ_C3010C5_MBX
CSM67UCK_C3010C9_MBX	CSM67UCK	metabolomics			CSM67UCK_C3010C9_MBX
CSM79HKB_C3010C13_MBX	CSM79HKB	metabolomics			CSM79HKB_C3010C13_MBX
CSM7KOLA_C3010C22_MBX	CSM7KOLA	metabolomics			CSM7KOLA_C3010C22_MBX
CSM7KOLE_C3010C24_MBX	CSM7KOLE	metabolomics			CSM7KOLE_C3010C24_MBX
CSM5MCXB_C3011C1_MBX	CSM5MCXB	metabolomics			CSM5MCXB_C3011C1_MBX
CSM5MCYO_C3011C5_MBX	CSM5MCYO	metabolomics			CSM5MCYO_C3011C5_MBX
CSM67UEW_C3011C9_MBX	CSM67UEW	metabolomics			CSM67UEW_C3011C9_MBX
CSM67UF5_C3011C11_MBX	CSM67UF5	metabolomics			CSM67UF5_C3011C11_MBX
CSM7KOMT_C3011C23_MBX	CSM7KOMT	metabolomics			CSM7KOMT_C3011C23_MBX
CSM5MCXF_C3012C1_MBX	CSM5MCXF	metabolomics			CSM5MCXF_C3012C1_MBX
CSM5MCZF_C3012C4_MBX	CSM5MCZF	metabolomics			CSM5MCZF_C3012C4_MBX
CSM67UGO_C3012C9_MBX	CSM67UGO	metabolomics			CSM67UGO_C3012C9_MBX
CSM79HOJ_C3012C13_MBX	CSM79HOJ	metabolomics			CSM79HOJ_C3012C13_MBX
CSM7KON2_C3012C21_MBX	CSM7KON2	metabolomics			CSM7KON2_C3012C21_MBX
CSM7KON8_C3012C24_MBX	CSM7KON8	metabolomics			CSM7KON8_C3012C24_MBX
CSM5MCYU_C3013C1_MBX	CSM5MCYU	metabolomics			CSM5MCYU_C3013C1_MBX
CSM67U9P_C3013C5_MBX	CSM67U9P	metabolomics			CSM67U9P_C3013C5_MBX
CSM79HGH_C3013C9_MBX	CSM79HGH	metabolomics			CSM79HGH_C3013C9_MBX
CSM79HPS_C3013C16_MBX	CSM79HPS	metabolomics			CSM79HPS_C3013C16_MBX
CSM7KONS_C3013C20_MBX	CSM7KONS	metabolomics			CSM7KONS_C3013C20_MBX
CSM67U9T_C3015C1_MBX	CSM67U9T	metabolomics			CSM67U9T_C3015C1_MBX
CSM67UAQ_C3015C5_MBX	CSM67UAQ	metabolomics			CSM67UAQ_C3015C5_MBX
CSM79HIJ_C3015C10_MBX	CSM79HIJ	metabolomics			CSM79HIJ_C3015C10_MBX
CSM7KOPI_C3015C20_MBX	CSM7KOPI	metabolomics			CSM7KOPI_C3015C20_MBX
CSM7KOPQ_C3015C24_MBX	CSM7KOPQ	metabolomics			CSM7KOPQ_C3015C24_MBX
CSM67U9V_C3016C1_MBX	CSM67U9V	metabolomics			CSM67U9V_C3016C1_MBX
CSM67UB1_C3016C5_MBX	CSM67UB1	metabolomics			CSM67UB1_C3016C5_MBX
CSM79HIT_C3016C9_MBX	CSM79HIT	metabolomics			CSM79HIT_C3016C9_MBX
CSM7KOKB_C3016C17_MBX	CSM7KOKB	metabolomics			CSM7KOKB_C3016C17_MBX
CSM7KOPS_C3016C19_MBX	CSM7KOPS	metabolomics			CSM7KOPS_C3016C19_MBX
CSM7KOQ1_C3016C23_MBX	CSM7KOQ1	metabolomics			CSM7KOQ1_C3016C23_MBX
CSM7KOQ3_C3016C24_MBX	CSM7KOQ3	metabolomics			CSM7KOQ3_C3016C24_MBX
CSM67U9X_C3017C1_MBX	CSM67U9X	metabolomics			CSM67U9X_C3017C1_MBX
CSM67UBB_C3017C5_MBX	CSM67UBB	metabolomics			CSM67UBB_C3017C5_MBX
CSM79HJ6_C3017C9_MBX	CSM79HJ6	metabolomics			CSM79HJ6_C3017C9_MBX
CSM7KOKN_C3017C17_MBX	CSM7KOKN	metabolomics			CSM7KOKN_C3017C17_MBX
CSM7KOQZ_C3017C20_MBX	CSM7KOQZ	metabolomics			CSM7KOQZ_C3017C20_MBX
CSM7KOR8_C3017C24_MBX	CSM7KOR8	metabolomics			CSM7KOR8_C3017C24_MBX
CSM79HHO_C3021C2_MBX	CSM79HHO	metabolomics			CSM79HHO_C3021C2_MBX
CSM79HN6_C3021C9_MBX	CSM79HN6	metabolomics			CSM79HN6_C3021C9_MBX
CSM7KOLK_C3021C14_MBX	CSM7KOLK	metabolomics			CSM7KOLK_C3021C14_MBX
CSM7KOSV_C3021C19_MBX	CSM7KOSV	metabolomics			CSM7KOSV_C3021C19_MBX
CSM67UH7_C3022C1_MBX	CSM67UH7	metabolomics			CSM67UH7_C3022C1_MBX
CSM79HGZ_C3022C5_MBX	CSM79HGZ	metabolomics			CSM79HGZ_C3022C5_MBX
CSM79HP4_C3022C11_MBX	CSM79HP4	metabolomics			CSM79HP4_C3022C11_MBX
CSM7KOOH_C3022C14_MBX	CSM7KOOH	metabolomics			CSM7KOOH_C3022C14_MBX
CSM7KOOR_C3022C19_MBX	CSM7KOOR	metabolomics			CSM7KOOR_C3022C19_MBX
CSMAG78W_C3022C23_MBX	CSMAG78W	metabolomics			CSMAG78W_C3022C23_MBX
CSM79HG4_C3023C1_MBX	CSM79HG4	metabolomics			CSM79HG4_C3023C1_MBX
CSM79HH8_C3023C5_MBX	CSM79HH8	metabolomics			CSM79HH8_C3023C5_MBX
CSM79HPA_C3023C8_MBX	CSM79HPA	metabolomics			CSM79HPA_C3023C8_MBX
CSM7KONA_C3023C13_MBX	CSM7KONA	metabolomics			CSM7KONA_C3023C13_MBX
CSM7KONC_C3023C14_MBX	CSM7KONC	metabolomics			CSM7KONC_C3023C14_MBX
CSM7KONK_C3023C18_MBX	CSM7KONK	metabolomics			CSM7KONK_C3023C18_MBX
CSM7KOTK_C3023C24_MBX	CSM7KOTK	metabolomics			CSM7KOTK_C3023C24_MBX
CSM79HJM_C3027C2_MBX	CSM79HJM	metabolomics			CSM79HJM_C3027C2_MBX
CSM79HJS_C3027C5_MBX	CSM79HJS	metabolomics			CSM79HJS_C3027C5_MBX
CSM79HR6_C3027C12_MBX	CSM79HR6	metabolomics			CSM79HR6_C3027C12_MBX
CSM7KOOV_C3027C14_MBX	CSM7KOOV	metabolomics			CSM7KOOV_C3027C14_MBX
CSMA9J65_C3027C19_MBX	CSMA9J65	metabolomics			CSMA9J65_C3027C19_MBX
CSMAIG7X_C3027C24_MBX	CSMAIG7X	metabolomics			CSMAIG7X_C3027C24_MBX
CSM79HJE_C3028C1_MBX	CSM79HJE	metabolomics			CSM79HJE_C3028C1_MBX
CSM79HKZ_C3028C3_MBX	CSM79HKZ	metabolomics			CSM79HKZ_C3028C3_MBX
CSM7KOKZ_C3028C11_MBX	CSM7KOKZ	metabolomics			CSM7KOKZ_C3028C11_MBX
CSM7KORK_C3028C15_MBX	CSM7KORK	metabolomics			CSM7KORK_C3028C15_MBX
CSM9X21B_C3028C18_MBX	CSM9X21B	metabolomics			CSM9X21B_C3028C18_MBX
CSM79HJG_C3029C1_MBX	CSM79HJG	metabolomics			CSM79HJG_C3029C1_MBX
CSM7KOLY_C3029C9_MBX	CSM7KOLY	metabolomics			CSM7KOLY_C3029C9_MBX
CSM9X1Y5_C3029C19_MBX	CSM9X1Y5	metabolomics			CSM9X1Y5_C3029C19_MBX
CSM79HJI_C3030C1_MBX	CSM79HJI	metabolomics			CSM79HJI_C3030C1_MBX
CSM7KOMB_C3030C9_MBX	CSM7KOMB	metabolomics			CSM7KOMB_C3030C9_MBX
CSM7KOSP_C3030C15_MBX	CSM7KOSP	metabolomics			CSM7KOSP_C3030C15_MBX
CSM79HRG_C3031C7_MBX	CSM79HRG	metabolomics			CSM79HRG_C3031C7_MBX
CSM7KOO9_C3031C10_MBX	CSM7KOO9	metabolomics			CSM7KOO9_C3031C10_MBX
CSM7KOOF_C3031C12_MBX	CSM7KOOF	metabolomics			CSM7KOOF_C3031C12_MBX
CSM9X1ZC_C3031C15_MBX	CSM9X1ZC	metabolomics			CSM9X1ZC_C3031C15_MBX
CSM79HQL_C3032C1_MBX	CSM79HQL	metabolomics			CSM79HQL_C3032C1_MBX
CSM7KOP8_C3032C3_MBX	CSM7KOP8	metabolomics			CSM7KOP8_C3032C3_MBX
CSM7KOPC_C3032C5_MBX	CSM7KOPC	metabolomics			CSM7KOPC_C3032C5_MBX
CSM7KOPE_C3032C6_MBX	CSM7KOPE	metabolomics			CSM7KOPE_C3032C6_MBX
CSM7KOU9_C3032C8_MBX	CSM7KOU9	metabolomics			CSM7KOU9_C3032C8_MBX
CSM7KOUF_C3032C11_MBX	CSM7KOUF	metabolomics			CSM7KOUF_C3032C11_MBX
CSM9X22G_C3032C19_MBX	CSM9X22G	metabolomics			CSM9X22G_C3032C19_MBX
CSM9X22Q_C3032C24_MBX	CSM9X22Q	metabolomics			CSM9X22Q_C3032C24_MBX
CSM79HQR_C3034C1_MBX	CSM79HQR	metabolomics			CSM79HQR_C3034C1_MBX
CSM7KORU_C3034C5_MBX	CSM7KORU	metabolomics			CSM7KORU_C3034C5_MBX
CSM9X1XW_C3034C9_MBX	CSM9X1XW	metabolomics			CSM9X1XW_C3034C9_MBX
CSM9X21J_C3034C15_MBX	CSM9X21J	metabolomics			CSM9X21J_C3034C15_MBX
CSM9X21P_C3034C18_MBX	CSM9X21P	metabolomics			CSM9X21P_C3034C18_MBX
CSM79HQN_C3035C1_MBX	CSM79HQN	metabolomics			CSM79HQN_C3035C1_MBX
CSM7KOTU_C3035C6_MBX	CSM7KOTU	metabolomics			CSM7KOTU_C3035C6_MBX
CSM9X1YV_C3035C8_MBX	CSM9X1YV	metabolomics			CSM9X1YV_C3035C8_MBX
CSM9X237_C3035C20_MBX	CSM9X237	metabolomics			CSM9X237_C3035C20_MBX
CSM9X23B_C3035C22_MBX	CSM9X23B	metabolomics			CSM9X23B_C3035C22_MBX
CSM7KOQ7_C3037C1_MBX	CSM7KOQ7	metabolomics			CSM7KOQ7_C3037C1_MBX
CSM7KOUL_C3037C3_MBX	CSM7KOUL	metabolomics			CSM7KOUL_C3037C3_MBX
CSM7KOUR_C3037C6_MBX	CSM7KOUR	metabolomics			CSM7KOUR_C3037C6_MBX
CSM9X213_C3037C8_MBX	CSM9X213	metabolomics			CSM9X213_C3037C8_MBX
CSM9X211_C3037C11_MBX	CSM9X211	metabolomics			CSM9X211_C3037C11_MBX
CSM9X22U_C3037C17_MBX	CSM9X22U	metabolomics			CSM9X22U_C3037C17_MBX
CSM9X23L_C3037C20_MBX	CSM9X23L	metabolomics			CSM9X23L_C3037C20_MBX
CSM9X23P_C3037C22_MBX	CSM9X23P	metabolomics			CSM9X23P_C3037C22_MBX
ESM5MEDZ_E5001C1_MBX	ESM5MEDZ	metabolomics			ESM5MEDZ_E5001C1_MBX
ESM5MEEB_E5001C6_MBX	ESM5MEEB	metabolomics			ESM5MEEB_E5001C6_MBX
ESM5MEBE_E5001C11_MBX	ESM5MEBE	metabolomics			ESM5MEBE_E5001C11_MBX
ESM5MEBG_E5001C16_MBX	ESM5MEBG	metabolomics			ESM5MEBG_E5001C16_MBX
ESM5MECL_E5001C20_MBX	ESM5MECL	metabolomics			ESM5MECL_E5001C20_MBX
ESM5MEEG_E5004C1_MBX	ESM5MEEG	metabolomics			ESM5MEEG_E5004C1_MBX
ESM5GEZ6_E5004C4_MBX	ESM5GEZ6	metabolomics			ESM5GEZ6_E5004C4_MBX
ESM5MEBU_E5004C9_MBX	ESM5MEBU	metabolomics			ESM5MEBU_E5004C9_MBX
ESM5MEC5_E5004C14_MBX	ESM5MEC5	metabolomics			ESM5MEC5_E5004C14_MBX
ESM718SY_E5004C20_MBX	ESM718SY	metabolomics			ESM718SY_E5004C20_MBX
ESM5MEDN_E5009C2_MBX	ESM5MEDN	metabolomics			ESM5MEDN_E5009C2_MBX
ESM5MEDD_E5009C6_MBX	ESM5MEDD	metabolomics			ESM5MEDD_E5009C6_MBX
ESM718UH_E5009C9_MBX	ESM718UH	metabolomics			ESM718UH_E5009C9_MBX
ESM7F5AK_E5009C13_MBX	ESM7F5AK	metabolomics			ESM7F5AK_E5009C13_MBX
ESM9IEP5_E5009C23_MBX	ESM9IEP5	metabolomics			ESM9IEP5_E5009C23_MBX
ESM5MEB9_E5013C1_MBX	ESM5MEB9	metabolomics			ESM5MEB9_E5013C1_MBX
ESM718V8_E5013C5_MBX	ESM718V8	metabolomics			ESM718V8_E5013C5_MBX
ESM718TM_E5013C9_MBX	ESM718TM	metabolomics			ESM718TM_E5013C9_MBX
ESM718TF_E5013C12_MBX	ESM718TF	metabolomics			ESM718TF_E5013C12_MBX
ESM9IEP1_E5013C20_MBX	ESM9IEP1	metabolomics			ESM9IEP1_E5013C20_MBX
HSM5FZBJ_H4001C1_MBX	HSM5FZBJ	metabolomics			HSM5FZBJ_H4001C1_MBX
HSM5FZBQ_H4001C4_MBX	HSM5FZBQ	metabolomics			HSM5FZBQ_H4001C4_MBX
HSM5MD7W_H4001C7_MBX	HSM5MD7W	metabolomics			HSM5MD7W_H4001C7_MBX
HSM5MD5K_H4001C9_MBX	HSM5MD5K	metabolomics			HSM5MD5K_H4001C9_MBX
HSM5MD7J_H4001C13_MBX	HSM5MD7J	metabolomics			HSM5MD7J_H4001C13_MBX
HSM5MD7H_H4001C14_MBX	HSM5MD7H	metabolomics			HSM5MD7H_H4001C14_MBX
HSM5MD79_H4001C18_MBX	HSM5MD79	metabolomics			HSM5MD79_H4001C18_MBX
HSM67VEA_H4001C24_MBX	HSM67VEA	metabolomics			HSM67VEA_H4001C24_MBX
HSM5MD4S_H4004C1_MBX	HSM5MD4S	metabolomics			HSM5MD4S_H4004C1_MBX
HSM5MD4W_H4004C3_MBX	HSM5MD4W	metabolomics			HSM5MD4W_H4004C3_MBX
HSM5MD51_H4004C5_MBX	HSM5MD51	metabolomics			HSM5MD51_H4004C5_MBX
HSM5MD5P_H4004C9_MBX	HSM5MD5P	metabolomics			HSM5MD5P_H4004C9_MBX
HSM6XRSG_H4004C13_MBX	HSM6XRSG	metabolomics			HSM6XRSG_H4004C13_MBX
HSM7CYZT_H4004C19_MBX	HSM7CYZT	metabolomics			HSM7CYZT_H4004C19_MBX
HSM7CZ14_H4004C24_MBX	HSM7CZ14	metabolomics			HSM7CZ14_H4004C24_MBX
HSM5MD86_H4006C1_MBX	HSM5MD86	metabolomics			HSM5MD86_H4006C1_MBX
HSM5MD4A_H4006C4_MBX	HSM5MD4A	metabolomics			HSM5MD4A_H4006C4_MBX
HSM5MD7O_H4006C9_MBX	HSM5MD7O	metabolomics			HSM5MD7O_H4006C9_MBX
HSM67VEE_H4006C14_MBX	HSM67VEE	metabolomics			HSM67VEE_H4006C14_MBX
HSM7CYX2_H4006C19_MBX	HSM7CYX2	metabolomics			HSM7CYX2_H4006C19_MBX
HSM7CYXA_H4006C23_MBX	HSM7CYXA	metabolomics			HSM7CYXA_H4006C23_MBX
HSM5MD7Z_H4007C1_MBX	HSM5MD7Z	metabolomics			HSM5MD7Z_H4007C1_MBX
HSM5MD4Q_H4007C3_MBX	HSM5MD4Q	metabolomics			HSM5MD4Q_H4007C3_MBX
HSM5MD4O_H4007C5_MBX	HSM5MD4O	metabolomics			HSM5MD4O_H4007C5_MBX
HSM6XRSN_H4007C9_MBX	HSM6XRSN	metabolomics			HSM6XRSN_H4007C9_MBX
HSM67VHU_H4007C15_MBX	HSM67VHU	metabolomics			HSM67VHU_H4007C15_MBX
HSM5MD8A_H4008C1_MBX	HSM5MD8A	metabolomics			HSM5MD8A_H4008C1_MBX
HSM5MD5D_H4008C5_MBX	HSM5MD5D	metabolomics			HSM5MD5D_H4008C5_MBX
HSM6XRSZ_H4008C9_MBX	HSM6XRSZ	metabolomics			HSM6XRSZ_H4008C9_MBX
HSM67VFZ_H4008C14_MBX	HSM67VFZ	metabolomics			HSM67VFZ_H4008C14_MBX
HSM67VG6_H4008C17_MBX	HSM67VG6	metabolomics			HSM67VG6_H4008C17_MBX
HSM7CZ2P_H4008C24_MBX	HSM7CZ2P	metabolomics			HSM7CZ2P_H4008C24_MBX
HSM5MD82_H4009C1_MBX	HSM5MD82	metabolomics			HSM5MD82_H4009C1_MBX
HSM5MD8B_H4009C5_MBX	HSM5MD8B	metabolomics			HSM5MD8B_H4009C5_MBX
HSM6XRTC_H4009C9_MBX	HSM6XRTC	metabolomics			HSM6XRTC_H4009C9_MBX
HSM67VGA_H4009C13_MBX	HSM67VGA	metabolomics			HSM67VGA_H4009C13_MBX
HSM67VGG_H4009C17_MBX	HSM67VGG	metabolomics			HSM67VGG_H4009C17_MBX
HSM7CYYZ_H4009C24_MBX	HSM7CYYZ	metabolomics			HSM7CYYZ_H4009C24_MBX
HSM5MD87_H4010C1_MBX	HSM5MD87	metabolomics			HSM5MD87_H4010C1_MBX
HSM5MD43_H4010C4_MBX	HSM5MD43	metabolomics			HSM5MD43_H4010C4_MBX
HSM5MD3Y_H4010C6_MBX	HSM5MD3Y	metabolomics			HSM5MD3Y_H4010C6_MBX
HSM5MD41_H4010C8_MBX	HSM5MD41	metabolomics			HSM5MD41_H4010C8_MBX
HSM6XRTM_H4010C12_MBX	HSM6XRTM	metabolomics			HSM6XRTM_H4010C12_MBX
HSM6XRTQ_H4010C14_MBX	HSM6XRTQ	metabolomics			HSM6XRTQ_H4010C14_MBX
HSM67VH1_H4010C24_MBX	HSM67VH1	metabolomics			HSM67VH1_H4010C24_MBX
HSM5MD8H_H4013C1_MBX	HSM5MD8H	metabolomics			HSM5MD8H_H4013C1_MBX
HSM5MD6K_H4013C5_MBX	HSM5MD6K	metabolomics			HSM5MD6K_H4013C5_MBX
HSM6XRRJ_H4013C9_MBX	HSM6XRRJ	metabolomics			HSM6XRRJ_H4013C9_MBX
HSM6XRVC_H4013C14_MBX	HSM6XRVC	metabolomics			HSM6XRVC_H4013C14_MBX
HSM6XRVK_H4013C18_MBX	HSM6XRVK	metabolomics			HSM6XRVK_H4013C18_MBX
HSM7J4R2_H4013C22_MBX	HSM7J4R2	metabolomics			HSM7J4R2_H4013C22_MBX
HSM5MD3L_H4014C1_MBX	HSM5MD3L	metabolomics			HSM5MD3L_H4014C1_MBX
HSM5MD6A_H4014C5_MBX	HSM5MD6A	metabolomics			HSM5MD6A_H4014C5_MBX
HSM6XRRV_H4014C9_MBX	HSM6XRRV	metabolomics			HSM6XRRV_H4014C9_MBX
HSM6XRVO_H4014C14_MBX	HSM6XRVO	metabolomics			HSM6XRVO_H4014C14_MBX
HSM6XRVW_H4014C20_MBX	HSM6XRVW	metabolomics			HSM6XRVW_H4014C20_MBX
HSM7J4QT_H4014C24_MBX	HSM7J4QT	metabolomics			HSM7J4QT_H4014C24_MBX
HSM5MD62_H4015C2_MBX	HSM5MD62	metabolomics			HSM5MD62_H4015C2_MBX
HSM5MD73_H4015C5_MBX	HSM5MD73	metabolomics			HSM5MD73_H4015C5_MBX
HSM6XRS8_H4015C9_MBX	HSM6XRS8	metabolomics			HSM6XRS8_H4015C9_MBX
HSM7CYZ7_H4015C14_MBX	HSM7CYZ7	metabolomics			HSM7CYZ7_H4015C14_MBX
HSM7J4QB_H4015C19_MBX	HSM7J4QB	metabolomics			HSM7J4QB_H4015C19_MBX
HSM7J4QJ_H4015C23_MBX	HSM7J4QJ	metabolomics			HSM7J4QJ_H4015C23_MBX
HSM5MD5Z_H4016C1_MBX	HSM5MD5Z	metabolomics			HSM5MD5Z_H4016C1_MBX
HSM5MD6U_H4016C5_MBX	HSM5MD6U	metabolomics			HSM5MD6U_H4016C5_MBX
HSM67VF3_H4016C9_MBX	HSM67VF3	metabolomics			HSM67VF3_H4016C9_MBX
HSM67VHM_H4016C12_MBX	HSM67VHM	metabolomics			HSM67VHM_H4016C12_MBX
HSM7J4I3_H4016C19_MBX	HSM7J4I3	metabolomics			HSM7J4I3_H4016C19_MBX
HSM7J4KQ_H4016C24_MBX	HSM7J4KQ	metabolomics			HSM7J4KQ_H4016C24_MBX
HSM6XRQB_H4017C1_MBX	HSM6XRQB	metabolomics			HSM6XRQB_H4017C1_MBX
HSM6XRQM_H4017C5_MBX	HSM6XRQM	metabolomics			HSM6XRQM_H4017C5_MBX
HSM7CYY3_H4017C14_MBX	HSM7CYY3	metabolomics			HSM7CYY3_H4017C14_MBX
HSM7CYYB_H4017C20_MBX	HSM7CYYB	metabolomics			HSM7CYYB_H4017C20_MBX
HSM6XRQC_H4018C1_MBX	HSM6XRQC	metabolomics			HSM6XRQC_H4018C1_MBX
HSM6XRQW_H4018C5_MBX	HSM6XRQW	metabolomics			HSM6XRQW_H4018C5_MBX
HSM67VFR_H4018C10_MBX	HSM67VFR	metabolomics			HSM67VFR_H4018C10_MBX
HSM7CYYF_H4018C13_MBX	HSM7CYYF	metabolomics			HSM7CYYF_H4018C13_MBX
HSM7J4LD_H4018C19_MBX	HSM7J4LD	metabolomics			HSM7J4LD_H4018C19_MBX
HSM7J4LN_H4018C24_MBX	HSM7J4LN	metabolomics			HSM7J4LN_H4018C24_MBX
HSM6XRQE_H4019C1_MBX	HSM6XRQE	metabolomics			HSM6XRQE_H4019C1_MBX
HSM6XRRD_H4019C6_MBX	HSM6XRRD	metabolomics			HSM6XRRD_H4019C6_MBX
HSM6XRV2_H4019C9_MBX	HSM6XRV2	metabolomics			HSM6XRV2_H4019C9_MBX
HSM7J4PE_H4019C14_MBX	HSM7J4PE	metabolomics			HSM7J4PE_H4019C14_MBX
HSM7J4M4_H4019C19_MBX	HSM7J4M4	metabolomics			HSM7J4M4_H4019C19_MBX
HSM7J4ME_H4019C24_MBX	HSM7J4ME	metabolomics			HSM7J4ME_H4019C24_MBX
HSM67VCZ_H4020C3_MBX	HSM67VCZ	metabolomics			HSM67VCZ_H4020C3_MBX
HSM67VD6_H4020C6_MBX	HSM67VD6	metabolomics			HSM67VD6_H4020C6_MBX
HSM67VHF_H4020C9_MBX	HSM67VHF	metabolomics			HSM67VHF_H4020C9_MBX
HSM7J4PW_H4020C17_MBX	HSM7J4PW	metabolomics			HSM7J4PW_H4020C17_MBX
HSM7J4IS_H4020C23_MBX	HSM7J4IS	metabolomics			HSM7J4IS_H4020C23_MBX
HSM67VDX_H4022C1_MBX	HSM67VDX	metabolomics			HSM67VDX_H4022C1_MBX
HSM67VES_H4022C4_MBX	HSM67VES	metabolomics			HSM67VES_H4022C4_MBX
HSM7CYZJ_H4022C8_MBX	HSM7CYZJ	metabolomics			HSM7CYZJ_H4022C8_MBX
HSM7J4G1_H4022C15_MBX	HSM7J4G1	metabolomics			HSM7J4G1_H4022C15_MBX
HSM7J4IU_H4022C19_MBX	HSM7J4IU	metabolomics			HSM7J4IU_H4022C19_MBX
HSM67VDR_H4023C1_MBX	HSM67VDR	metabolomics			HSM67VDR_H4023C1_MBX
HSM6XRQ8_H4023C6_MBX	HSM6XRQ8	metabolomics			HSM6XRQ8_H4023C6_MBX
HSM7J4HC_H4023C14_MBX	HSM7J4HC	metabolomics			HSM7J4HC_H4023C14_MBX
HSM7J4KC_H4023C19_MBX	HSM7J4KC	metabolomics			HSM7J4KC_H4023C19_MBX
HSM7J4KK_H4023C23_MBX	HSM7J4KK	metabolomics			HSM7J4KK_H4023C23_MBX
HSM67VI5_H4024C3_MBX	HSM67VI5	metabolomics			HSM67VI5_H4024C3_MBX
HSM7J4I7_H4024C17_MBX	HSM7J4I7	metabolomics			HSM7J4I7_H4024C17_MBX
HSM7J4O1_H4024C19_MBX	HSM7J4O1	metabolomics			HSM7J4O1_H4024C19_MBX
HSM7J4O3_H4024C21_MBX	HSM7J4O3	metabolomics			HSM7J4O3_H4024C21_MBX
HSM7CZ1T_H4027C2_MBX	HSM7CZ1T	metabolomics			HSM7CZ1T_H4027C2_MBX
HSM7J4GR_H4027C10_MBX	HSM7J4GR	metabolomics			HSM7J4GR_H4027C10_MBX
HSM7J4NE_H4027C14_MBX	HSM7J4NE	metabolomics			HSM7J4NE_H4027C14_MBX
HSMA33O1_H4027C19_MBX	HSMA33O1	metabolomics			HSMA33O1_H4027C19_MBX
HSMA33O5_H4027C21_MBX	HSMA33O5	metabolomics			HSMA33O5_H4027C21_MBX
HSM7J4MY_H4028C13_MBX	HSM7J4MY	metabolomics			HSM7J4MY_H4028C13_MBX
HSM7J4N4_H4028C15_MBX	HSM7J4N4	metabolomics			HSM7J4N4_H4028C15_MBX
HSM7J4NA_H4028C18_MBX	HSM7J4NA	metabolomics			HSM7J4NA_H4028C18_MBX
HSM7CZ32_H4030C3_MBX	HSM7CZ32	metabolomics			HSM7CZ32_H4030C3_MBX
HSM7CZ38_H4030C6_MBX	HSM7CZ38	metabolomics			HSM7CZ38_H4030C6_MBX
HSM7J4L9_H4030C11_MBX	HSM7J4L9	metabolomics			HSM7J4L9_H4030C11_MBX
HSM7J4OT_H4030C16_MBX	HSM7J4OT	metabolomics			HSM7J4OT_H4030C16_MBX
HSMA33K2_H4030C20_MBX	HSMA33K2	metabolomics			HSMA33K2_H4030C20_MBX
HSM7CZ3G_H4031C5_MBX	HSM7CZ3G	metabolomics			HSM7CZ3G_H4031C5_MBX
HSM7J4MK_H4031C9_MBX	HSM7J4MK	metabolomics			HSM7J4MK_H4031C9_MBX
HSM7J4OE_H4031C14_MBX	HSM7J4OE	metabolomics			HSM7J4OE_H4031C14_MBX
HSMA33JB_H4031C19_MBX	HSMA33JB	metabolomics			HSMA33JB_H4031C19_MBX
HSMA33JH_H4031C22_MBX	HSMA33JH	metabolomics			HSMA33JH_H4031C22_MBX
HSM7J4Q3_H4032C3_MBX	HSM7J4Q3	metabolomics			HSM7J4Q3_H4032C3_MBX
HSM7J4MS_H4032C7_MBX	HSM7J4MS	metabolomics			HSM7J4MS_H4032C7_MBX
HSM7J4IC_H4032C10_MBX	HSM7J4IC	metabolomics			HSM7J4IC_H4032C10_MBX
HSM7J4OZ_H4032C13_MBX	HSM7J4OZ	metabolomics			HSM7J4OZ_H4032C13_MBX
HSMA33JP_H4032C20_MBX	HSMA33JP	metabolomics			HSMA33JP_H4032C20_MBX
HSM7J4HO_H4035C3_MBX	HSM7J4HO	metabolomics			HSM7J4HO_H4035C3_MBX
HSM7J4HS_H4035C5_MBX	HSM7J4HS	metabolomics			HSM7J4HS_H4035C5_MBX
HSM7J4JZ_H4035C7_MBX	HSM7J4JZ	metabolomics			HSM7J4JZ_H4035C7_MBX
HSM7J4K8_H4035C11_MBX	HSM7J4K8	metabolomics			HSM7J4K8_H4035C11_MBX
HSMA33OR_H4035C14_MBX	HSMA33OR	metabolomics			HSMA33OR_H4035C14_MBX
HSMA33OZ_H4035C18_MBX	HSMA33OZ	metabolomics			HSMA33OZ_H4035C18_MBX
HSMA33MI_H4035C23_MBX	HSMA33MI	metabolomics			HSMA33MI_H4035C23_MBX
HSM7J4J7_H4038C2_MBX	HSM7J4J7	metabolomics			HSM7J4J7_H4038C2_MBX
HSM7J4JF_H4038C6_MBX	HSM7J4JF	metabolomics			HSM7J4JF_H4038C6_MBX
HSMA33NG_H4038C11_MBX	HSMA33NG	metabolomics			HSMA33NG_H4038C11_MBX
HSMA33KM_H4038C18_MBX	HSMA33KM	metabolomics			HSMA33KM_H4038C18_MBX
HSMA33PZ_H4038C21_MBX	HSMA33PZ	metabolomics			HSMA33PZ_H4038C21_MBX
HSMA33Q6_H4038C24_MBX	HSMA33Q6	metabolomics			HSMA33Q6_H4038C24_MBX
HSM7J4LP_H4039C1_MBX	HSM7J4LP	metabolomics			HSM7J4LP_H4039C1_MBX
HSMA33NQ_H4039C10_MBX	HSMA33NQ	metabolomics			HSMA33NQ_H4039C10_MBX
HSMA33L1_H4039C18_MBX	HSMA33L1	metabolomics			HSMA33L1_H4039C18_MBX
HSMA33PP_H4039C21_MBX	HSMA33PP	metabolomics			HSMA33PP_H4039C21_MBX
HSM7J4JT_H4040C1_MBX	HSM7J4JT	metabolomics			HSM7J4JT_H4040C1_MBX
HSM7J4NU_H4040C5_MBX	HSM7J4NU	metabolomics			HSM7J4NU_H4040C5_MBX
HSMA33OJ_H4040C13_MBX	HSMA33OJ	metabolomics			HSMA33OJ_H4040C13_MBX
HSMA33M8_H4040C23_MBX	HSMA33M8	metabolomics			HSMA33M8_H4040C23_MBX
HSM7J4JV_H4042C1_MBX	HSM7J4JV	metabolomics			HSM7J4JV_H4042C1_MBX
HSMA33MZ_H4042C3_MBX	HSMA33MZ	metabolomics			HSMA33MZ_H4042C3_MBX
HSMA33IY_H4042C17_MBX	HSMA33IY	metabolomics			HSMA33IY_H4042C17_MBX
HSMA33RL_H4042C23_MBX	HSMA33RL	metabolomics			HSMA33RL_H4042C23_MBX
HSM7J4JW_H4043C1_MBX	HSM7J4JW	metabolomics			HSM7J4JW_H4043C1_MBX
HSMA33LL_H4043C7_MBX	HSMA33LL	metabolomics			HSMA33LL_H4043C7_MBX
HSMA33LV_H4043C11_MBX	HSMA33LV	metabolomics			HSMA33LV_H4043C11_MBX
HSMA33R7_H4043C17_MBX	HSMA33R7	metabolomics			HSMA33R7_H4043C17_MBX
HSMA33R9_H4043C19_MBX	HSMA33R9	metabolomics			HSMA33R9_H4043C19_MBX
HSMA33NW_H4044C1_MBX	HSMA33NW	metabolomics			HSMA33NW_H4044C1_MBX
HSMA33RX_H4044C21_MBX	HSMA33RX	metabolomics			HSMA33RX_H4044C21_MBX
HSMA33NY_H4045C1_MBX	HSMA33NY	metabolomics			HSMA33NY_H4045C1_MBX
HSMA33J5_H4045C4_MBX	HSMA33J5	metabolomics			HSMA33J5_H4045C4_MBX
HSMA33J9_H4045C6_MBX	HSMA33J9	metabolomics			HSMA33J9_H4045C6_MBX
HSMA33QO_H4045C14_MBX	HSMA33QO	metabolomics			HSMA33QO_H4045C14_MBX
HSMA33SG_H4045C19_MBX	HSMA33SG	metabolomics			HSMA33SG_H4045C19_MBX
HSMA33SK_H4045C21_MBX	HSMA33SK	metabolomics			HSMA33SK_H4045C21_MBX
MSM5LLDI_M2008C1_MBX	MSM5LLDI	metabolomics			MSM5LLDI_M2008C1_MBX
MSM5LLDS_M2008C6_MBX	MSM5LLDS	metabolomics			MSM5LLDS_M2008C6_MBX
MSM5LLHZ_M2008C9_MBX	MSM5LLHZ	metabolomics			MSM5LLHZ_M2008C9_MBX
MSM5LLHQ_M2008C14_MBX	MSM5LLHQ	metabolomics			MSM5LLHQ_M2008C14_MBX
MSM5LLDA_M2008C19_MBX	MSM5LLDA	metabolomics			MSM5LLDA_M2008C19_MBX
MSM6J2LB_M2008C22_MBX	MSM6J2LB	metabolomics			MSM6J2LB_M2008C22_MBX
MSM5FZ9X_M2014C3_MBX	MSM5FZ9X	metabolomics			MSM5FZ9X_M2014C3_MBX
MSM5FZA2_M2014C5_MBX	MSM5FZA2	metabolomics			MSM5FZA2_M2014C5_MBX
MSM5LLGH_M2014C9_MBX	MSM5LLGH	metabolomics			MSM5LLGH_M2014C9_MBX
MSM6J2IQ_M2014C14_MBX	MSM6J2IQ	metabolomics			MSM6J2IQ_M2014C14_MBX
MSM6J2J1_M2014C19_MBX	MSM6J2J1	metabolomics			MSM6J2J1_M2014C19_MBX
MSM6J2QZ_M2014C24_MBX	MSM6J2QZ	metabolomics			MSM6J2QZ_M2014C24_MBX
MSM5LLIG_M2021C3_MBX	MSM5LLIG	metabolomics			MSM5LLIG_M2021C3_MBX
MSM5LLIK_M2021C5_MBX	MSM5LLIK	metabolomics			MSM5LLIK_M2021C5_MBX
MSM5LLEN_M2021C9_MBX	MSM5LLEN	metabolomics			MSM5LLEN_M2021C9_MBX
MSM6J2LT_M2021C17_MBX	MSM6J2LT	metabolomics			MSM6J2LT_M2021C17_MBX
MSM5LLIC_M2025C1_MBX	MSM5LLIC	metabolomics			MSM5LLIC_M2025C1_MBX
MSM5LLHM_M2025C5_MBX	MSM5LLHM	metabolomics			MSM5LLHM_M2025C5_MBX
MSM6J2J5_M2025C9_MBX	MSM6J2J5	metabolomics			MSM6J2J5_M2025C9_MBX
MSM6J2PE_M2025C14_MBX	MSM6J2PE	metabolomics			MSM6J2PE_M2025C14_MBX
MSM6J2PM_M2025C19_MBX	MSM6J2PM	metabolomics			MSM6J2PM_M2025C19_MBX
MSM5LLFK_M2026C2_MBX	MSM5LLFK	metabolomics			MSM5LLFK_M2026C2_MBX
MSM5LLFO_M2026C4_MBX	MSM5LLFO	metabolomics			MSM5LLFO_M2026C4_MBX
MSM6J2HF_M2026C10_MBX	MSM6J2HF	metabolomics			MSM6J2HF_M2026C10_MBX
MSM6J2OH_M2026C14_MBX	MSM6J2OH	metabolomics			MSM6J2OH_M2026C14_MBX
MSM6J2OP_M2026C21_MBX	MSM6J2OP	metabolomics			MSM6J2OP_M2026C21_MBX
MSM5LLIS_M2027C1_MBX	MSM5LLIS	metabolomics			MSM5LLIS_M2027C1_MBX
MSM5LLH8_M2027C5_MBX	MSM5LLH8	metabolomics			MSM5LLH8_M2027C5_MBX
MSM6J2KE_M2027C9_MBX	MSM6J2KE	metabolomics			MSM6J2KE_M2027C9_MBX
MSM6J2R2_M2027C14_MBX	MSM6J2R2	metabolomics			MSM6J2R2_M2027C14_MBX
MSM6J2R8_M2027C17_MBX	MSM6J2R8	metabolomics			MSM6J2R8_M2027C17_MBX
MSM5LLFG_M2028C1_MBX	MSM5LLFG	metabolomics			MSM5LLFG_M2028C1_MBX
MSM5LLGR_M2028C4_MBX	MSM5LLGR	metabolomics			MSM5LLGR_M2028C4_MBX
MSM6J2IG_M2028C9_MBX	MSM6J2IG	metabolomics			MSM6J2IG_M2028C9_MBX
MSM6J2Q3_M2028C14_MBX	MSM6J2Q3	metabolomics			MSM6J2Q3_M2028C14_MBX
MSM79H63_M2028C20_MBX	MSM79H63	metabolomics			MSM79H63_M2028C20_MBX
MSM5LLEH_M2034C1_MBX	MSM5LLEH	metabolomics			MSM5LLEH_M2034C1_MBX
MSM5LLF4_M2034C5_MBX	MSM5LLF4	metabolomics			MSM5LLF4_M2034C5_MBX
MSM6J2LL_M2034C10_MBX	MSM6J2LL	metabolomics			MSM6J2LL_M2034C10_MBX
MSM6J2MB_M2034C14_MBX	MSM6J2MB	metabolomics			MSM6J2MB_M2034C14_MBX
MSM6J2MH_M2034C17_MBX	MSM6J2MH	metabolomics			MSM6J2MH_M2034C17_MBX
MSM6J2H9_M2039C1_MBX	MSM6J2H9	metabolomics			MSM6J2H9_M2039C1_MBX
MSM6J2HT_M2039C5_MBX	MSM6J2HT	metabolomics			MSM6J2HT_M2039C5_MBX
MSM6J2QP_M2039C10_MBX	MSM6J2QP	metabolomics			MSM6J2QP_M2039C10_MBX
MSM79H5Q_M2039C16_MBX	MSM79H5Q	metabolomics			MSM79H5Q_M2039C16_MBX
MSM79HAH_M2039C24_MBX	MSM79HAH	metabolomics			MSM79HAH_M2039C24_MBX
MSM6J2JF_M2041C1_MBX	MSM6J2JF	metabolomics			MSM6J2JF_M2041C1_MBX
MSM6J2JR_M2041C4_MBX	MSM6J2JR	metabolomics			MSM6J2JR_M2041C4_MBX
MSM6J2SE_M2041C9_MBX	MSM6J2SE	metabolomics			MSM6J2SE_M2041C9_MBX
MSM79HEY_M2041C19_MBX	MSM79HEY	metabolomics			MSM79HEY_M2041C19_MBX
MSM79HB6_M2041C24_MBX	MSM79HB6	metabolomics			MSM79HB6_M2041C24_MBX
MSM6J2JH_M2042C1_MBX	MSM6J2JH	metabolomics			MSM6J2JH_M2042C1_MBX
MSM6J2K6_M2042C5_MBX	MSM6J2K6	metabolomics			MSM6J2K6_M2042C5_MBX
MSM6J2RO_M2042C10_MBX	MSM6J2RO	metabolomics			MSM6J2RO_M2042C10_MBX
MSM79H6F_M2042C15_MBX	MSM79H6F	metabolomics			MSM79H6F_M2042C15_MBX
MSM79HA3_M2042C22_MBX	MSM79HA3	metabolomics			MSM79HA3_M2042C22_MBX
MSM6J2PO_M2047C1_MBX	MSM6J2PO	metabolomics			MSM6J2PO_M2047C1_MBX
MSM6J2PU_M2047C4_MBX	MSM6J2PU	metabolomics			MSM6J2PU_M2047C4_MBX
MSM79HC8_M2047C11_MBX	MSM79HC8	metabolomics			MSM79HC8_M2047C11_MBX
MSM79H7Q_M2047C14_MBX	MSM79H7Q	metabolomics			MSM79H7Q_M2047C14_MBX
MSM79H7Y_M2047C19_MBX	MSM79H7Y	metabolomics			MSM79H7Y_M2047C19_MBX
MSM9VZNL_M2047C22_MBX	MSM9VZNL	metabolomics			MSM9VZNL_M2047C22_MBX
MSM6J2Q1_M2048C1_MBX	MSM6J2Q1	metabolomics			MSM6J2Q1_M2048C1_MBX
MSM6J2M3_M2048C5_MBX	MSM6J2M3	metabolomics			MSM6J2M3_M2048C5_MBX
MSM79H6Y_M2048C15_MBX	MSM79H6Y	metabolomics			MSM79H6Y_M2048C15_MBX
MSM79H52_M2060C2_MBX	MSM79H52	metabolomics			MSM79H52_M2060C2_MBX
MSM79H9G_M2060C12_MBX	MSM79H9G	metabolomics			MSM79H9G_M2060C12_MBX
MSM9VZF7_M2060C14_MBX	MSM9VZF7	metabolomics			MSM9VZF7_M2060C14_MBX
MSM9VZPV_M2060C21_MBX	MSM9VZPV	metabolomics			MSM9VZPV_M2060C21_MBX
MSM6J2NA_M2061C1_MBX	MSM6J2NA	metabolomics			MSM6J2NA_M2061C1_MBX
MSM79H5G_M2061C3_MBX	MSM79H5G	metabolomics			MSM79H5G_M2061C3_MBX
MSM79H9Q_M2061C10_MBX	MSM79H9Q	metabolomics			MSM79H9Q_M2061C10_MBX
MSM9VZGO_M2061C14_MBX	MSM9VZGO	metabolomics			MSM9VZGO_M2061C14_MBX
MSM9VZLJ_M2061C18_MBX	MSM9VZLJ	metabolomics			MSM9VZLJ_M2061C18_MBX
MSM9VZHB_M2061C21_MBX	MSM9VZHB	metabolomics			MSM9VZHB_M2061C21_MBX
MSM9VZHF_M2061C23_MBX	MSM9VZHF	metabolomics			MSM9VZHF_M2061C23_MBX
MSM79HAJ_M2064C7_MBX	MSM79HAJ	metabolomics			MSM79HAJ_M2064C7_MBX
MSM79HAN_M2064C9_MBX	MSM79HAN	metabolomics			MSM79HAN_M2064C9_MBX
MSM9VZLP_M2064C14_MBX	MSM9VZLP	metabolomics			MSM9VZLP_M2064C14_MBX
MSM9VZLV_M2064C16_MBX	MSM9VZLV	metabolomics			MSM9VZLV_M2064C16_MBX
MSMA26ET_M2064C21_MBX	MSMA26ET	metabolomics			MSMA26ET_M2064C21_MBX
MSM79HDQ_M2068C5_MBX	MSM79HDQ	metabolomics			MSM79HDQ_M2068C5_MBX
MSM9VZEK_M2068C9_MBX	MSM9VZEK	metabolomics			MSM9VZEK_M2068C9_MBX
MSM9VZES_M2068C13_MBX	MSM9VZES	metabolomics			MSM9VZES_M2068C13_MBX
MSMA26AL_M2068C20_MBX	MSMA26AL	metabolomics			MSMA26AL_M2068C20_MBX
MSM79HDA_M2069C3_MBX	MSM79HDA	metabolomics			MSM79HDA_M2069C3_MBX
MSM79HDE_M2069C5_MBX	MSM79HDE	metabolomics			MSM79HDE_M2069C5_MBX
MSM9VZEW_M2069C9_MBX	MSM9VZEW	metabolomics			MSM9VZEW_M2069C9_MBX
MSM9VZOU_M2069C15_MBX	MSM9VZOU	metabolomics			MSM9VZOU_M2069C15_MBX
MSM9VZP3_M2069C19_MBX	MSM9VZP3	metabolomics			MSM9VZP3_M2069C19_MBX
MSMA26EJ_M2069C21_MBX	MSMA26EJ	metabolomics			MSMA26EJ_M2069C21_MBX
MSM79HD6_M2071C1_MBX	MSM79HD6	metabolomics			MSM79HD6_M2071C1_MBX
MSM79H7M_M2071C4_MBX	MSM79H7M	metabolomics			MSM79H7M_M2071C4_MBX
MSM79H7G_M2071C6_MBX	MSM79H7G	metabolomics			MSM79H7G_M2071C6_MBX
MSMA26AZ_M2071C8_MBX	MSMA26AZ	metabolomics			MSMA26AZ_M2071C8_MBX
MSMB4LZ4_M2071C12_MBX	MSMB4LZ4	metabolomics			MSMB4LZ4_M2071C12_MBX
MSM79HCR_M2072C6_MBX	MSM79HCR	metabolomics			MSM79HCR_M2072C6_MBX
MSM79H85_M2072C9_MBX	MSM79H85	metabolomics			MSM79H85_M2072C9_MBX
MSM9VZOI_M2072C14_MBX	MSM9VZOI	metabolomics			MSM9VZOI_M2072C14_MBX
MSM9VZOO_M2072C17_MBX	MSM9VZOO	metabolomics			MSM9VZOO_M2072C17_MBX
MSM9VZHR_M2072C23_MBX	MSM9VZHR	metabolomics			MSM9VZHR_M2072C23_MBX
MSM79H8D_M2075C1_MBX	MSM79H8D	metabolomics			MSM79H8D_M2075C1_MBX
MSM79H8J_M2075C4_MBX	MSM79H8J	metabolomics			MSM79H8J_M2075C4_MBX
MSM9VZJZ_M2075C9_MBX	MSM9VZJZ	metabolomics			MSM9VZJZ_M2075C9_MBX
MSM9VZH1_M2075C15_MBX	MSM9VZH1	metabolomics			MSM9VZH1_M2075C15_MBX
MSMAPC7J_M2075C19_MBX	MSMAPC7J	metabolomics			MSMAPC7J_M2075C19_MBX
MSMAPC7D_M2075C24_MBX	MSMAPC7D	metabolomics			MSMAPC7D_M2075C24_MBX
MSM79H94_M2077C1_MBX	MSM79H94	metabolomics			MSM79H94_M2077C1_MBX
MSM9VZME_M2077C3_MBX	MSM9VZME	metabolomics			MSM9VZME_M2077C3_MBX
MSM9VZHX_M2077C9_MBX	MSM9VZHX	metabolomics			MSM9VZHX_M2077C9_MBX
MSM9VZI6_M2077C13_MBX	MSM9VZI6	metabolomics			MSM9VZI6_M2077C13_MBX
MSMAPC7T_M2077C16_MBX	MSMAPC7T	metabolomics			MSMAPC7T_M2077C16_MBX
MSMB4LZC_M2077C21_MBX	MSMB4LZC	metabolomics			MSMB4LZC_M2077C21_MBX
MSM9VZFJ_M2079C1_MBX	MSM9VZFJ	metabolomics			MSM9VZFJ_M2079C1_MBX
MSM9VZFR_M2079C5_MBX	MSM9VZFR	metabolomics			MSM9VZFR_M2079C5_MBX
MSM9VZKE_M2079C9_MBX	MSM9VZKE	metabolomics			MSM9VZKE_M2079C9_MBX
MSMA26BR_M2079C14_MBX	MSMA26BR	metabolomics			MSMA26BR_M2079C14_MBX
MSMB4LZ8_M2079C21_MBX	MSMB4LZ8	metabolomics			MSMB4LZ8_M2079C21_MBX
MSM9VZNX_M2083C4_MBX	MSM9VZNX	metabolomics			MSM9VZNX_M2083C4_MBX
MSM9VZIM_M2083C7_MBX	MSM9VZIM	metabolomics			MSM9VZIM_M2083C7_MBX
MSM9VZIQ_M2083C9_MBX	MSM9VZIQ	metabolomics			MSM9VZIQ_M2083C9_MBX
MSMAPC5D_M2083C17_MBX	MSMAPC5D	metabolomics			MSMAPC5D_M2083C17_MBX
MSMB4LZR_M2083C19_MBX	MSMB4LZR	metabolomics			MSMB4LZR_M2083C19_MBX
MSM9VZMM_M2084C1_MBX	MSM9VZMM	metabolomics			MSM9VZMM_M2084C1_MBX
MSM9VZMU_M2084C5_MBX	MSM9VZMU	metabolomics			MSM9VZMU_M2084C5_MBX
MSM9VZL9_M2084C8_MBX	MSM9VZL9	metabolomics			MSM9VZL9_M2084C8_MBX
MSMA26BB_M2084C13_MBX	MSMA26BB	metabolomics			MSMA26BB_M2084C13_MBX
MSMAPC6K_M2084C19_MBX	MSMAPC6K	metabolomics			MSMAPC6K_M2084C19_MBX
MSMB4LZX_M2084C24_MBX	MSMB4LZX	metabolomics			MSMB4LZX_M2084C24_MBX
MSM9VZM4_M2085C1_MBX	MSM9VZM4	metabolomics			MSM9VZM4_M2085C1_MBX
MSM9VZPL_M2085C4_MBX	MSM9VZPL	metabolomics			MSM9VZPL_M2085C4_MBX
MSM9VZJ3_M2085C10_MBX	MSM9VZJ3	metabolomics			MSM9VZJ3_M2085C10_MBX
MSMA26CX_M2085C12_MBX	MSMA26CX	metabolomics			MSMA26CX_M2085C12_MBX
MSMAPC6G_M2085C17_MBX	MSMAPC6G	metabolomics			MSMAPC6G_M2085C17_MBX
MSMB4LXY_M2085C19_MBX	MSMB4LXY	metabolomics			MSMB4LXY_M2085C19_MBX
MSMB4LYB_M2085C21_MBX	MSMB4LYB	metabolomics			MSMB4LYB_M2085C21_MBX
MSMA26DG_M2097C3_MBX	MSMA26DG	metabolomics			MSMA26DG_M2097C3_MBX
MSMA26DO_M2097C5_MBX	MSMA26DO	metabolomics			MSMA26DO_M2097C5_MBX
MSMAPC5F_M2097C8_MBX	MSMAPC5F	metabolomics			MSMAPC5F_M2097C8_MBX
MSMB4LXW_M2097C15_MBX	MSMB4LXW	metabolomics			MSMB4LXW_M2097C15_MBX
MSMB4LZK_M2097C17_MBX	MSMB4LZK	metabolomics			MSMB4LZK_M2097C17_MBX
MSMA267V_M2103C2_MBX	MSMA267V	metabolomics			MSMA267V_M2103C2_MBX
MSMAPC62_M2103C9_MBX	MSMAPC62	metabolomics			MSMAPC62_M2103C9_MBX
MSMB4LYH_M2103C14_MBX	MSMB4LYH	metabolomics			MSMB4LYH_M2103C14_MBX
PSM6XBQM_P6005C1_MBX	PSM6XBQM	metabolomics			PSM6XBQM_P6005C1_MBX
PSM6XBQY_P6005C5_MBX	PSM6XBQY	metabolomics			PSM6XBQY_P6005C5_MBX
PSM6XBSS_P6005C9_MBX	PSM6XBSS	metabolomics			PSM6XBSS_P6005C9_MBX
PSM7J1CC_P6005C16_MBX	PSM7J1CC	metabolomics			PSM7J1CC_P6005C16_MBX
PSM7J136_P6005C20_MBX	PSM7J136	metabolomics			PSM7J136_P6005C20_MBX
PSM7J13E_P6005C24_MBX	PSM7J13E	metabolomics			PSM7J13E_P6005C24_MBX
PSM6XBRK_P6009C1_MBX	PSM6XBRK	metabolomics			PSM6XBRK_P6009C1_MBX
PSM6XBS6_P6009C4_MBX	PSM6XBS6	metabolomics			PSM6XBS6_P6009C4_MBX
PSM6XBTF_P6009C8_MBX	PSM6XBTF	metabolomics			PSM6XBTF_P6009C8_MBX
PSM7J1CK_P6009C14_MBX	PSM7J1CK	metabolomics			PSM7J1CK_P6009C14_MBX
PSM7J1CU_P6009C19_MBX	PSM7J1CU	metabolomics			PSM7J1CU_P6009C19_MBX
PSM7J141_P6009C23_MBX	PSM7J141	metabolomics			PSM7J141_P6009C23_MBX
PSM6XBSI_P6010C2_MBX	PSM6XBSI	metabolomics			PSM6XBSI_P6010C2_MBX
PSM6XBSK_P6010C5_MBX	PSM6XBSK	metabolomics			PSM6XBSK_P6010C5_MBX
PSM6XBUG_P6010C8_MBX	PSM6XBUG	metabolomics			PSM6XBUG_P6010C8_MBX
PSM6XBUO_P6010C14_MBX	PSM6XBUO	metabolomics			PSM6XBUO_P6010C14_MBX
PSM7J14L_P6010C20_MBX	PSM7J14L	metabolomics			PSM7J14L_P6010C20_MBX
PSM7J14T_P6010C24_MBX	PSM7J14T	metabolomics			PSM7J14T_P6010C24_MBX
PSM6XBSE_P6012C1_MBX	PSM6XBSE	metabolomics			PSM6XBSE_P6012C1_MBX
PSM6XBVM_P6012C4_MBX	PSM6XBVM	metabolomics			PSM6XBVM_P6012C4_MBX
PSM7J1BF_P6012C13_MBX	PSM7J1BF	metabolomics			PSM7J1BF_P6012C13_MBX
PSM6XBT3_P6013C2_MBX	PSM6XBT3	metabolomics			PSM6XBT3_P6013C2_MBX
PSM7J1AU_P6013C10_MBX	PSM7J1AU	metabolomics			PSM7J1AU_P6013C10_MBX
PSM7J193_P6013C14_MBX	PSM7J193	metabolomics			PSM7J193_P6013C14_MBX
PSM7J12F_P6013C19_MBX	PSM7J12F	metabolomics			PSM7J12F_P6013C19_MBX
PSM7J1DH_P6014C11_MBX	PSM7J1DH	metabolomics			PSM7J1DH_P6014C11_MBX
PSM7J14X_P6014C14_MBX	PSM7J14X	metabolomics			PSM7J14X_P6014C14_MBX
PSM7J156_P6014C17_MBX	PSM7J156	metabolomics			PSM7J156_P6014C17_MBX
PSM7J19B_P6016C3_MBX	PSM7J19B	metabolomics			PSM7J19B_P6016C3_MBX
PSM7J19J_P6016C7_MBX	PSM7J19J	metabolomics			PSM7J19J_P6016C7_MBX
PSM7J17L_P6016C9_MBX	PSM7J17L	metabolomics			PSM7J17L_P6016C9_MBX
PSM7J158_P6016C14_MBX	PSM7J158	metabolomics			PSM7J158_P6016C14_MBX
PSMA265N_P6016C20_MBX	PSMA265N	metabolomics			PSMA265N_P6016C20_MBX
PSMA265T_P6016C23_MBX	PSMA265T	metabolomics			PSMA265T_P6016C23_MBX
PSM7J19V_P6017C8_MBX	PSM7J19V	metabolomics			PSM7J19V_P6017C8_MBX
PSM7J16Y_P6017C12_MBX	PSM7J16Y	metabolomics			PSM7J16Y_P6017C12_MBX
PSMA2646_P6017C19_MBX	PSMA2646	metabolomics			PSMA2646_P6017C19_MBX
PSM7J1A2_P6018C4_MBX	PSM7J1A2	metabolomics			PSM7J1A2_P6018C4_MBX
PSM7J17X_P6018C9_MBX	PSM7J17X	metabolomics			PSM7J17X_P6018C9_MBX
PSM7J15M_P6018C15_MBX	PSM7J15M	metabolomics			PSM7J15M_P6018C15_MBX
PSM7J15U_P6018C19_MBX	PSM7J15U	metabolomics			PSM7J15U_P6018C19_MBX
PSMA265H_P6018C24_MBX	PSMA265H	metabolomics			PSMA265H_P6018C24_MBX
PSM7J1BN_P6024C5_MBX	PSM7J1BN	metabolomics			PSM7J1BN_P6024C5_MBX
PSM7J12J_P6024C9_MBX	PSM7J12J	metabolomics			PSM7J12J_P6024C9_MBX
PSM7J12R_P6024C13_MBX	PSM7J12R	metabolomics			PSM7J12R_P6024C13_MBX
PSMA263W_P6024C19_MBX	PSMA263W	metabolomics			PSMA263W_P6024C19_MBX
PSM7J12V_P6025C9_MBX	PSM7J12V	metabolomics			PSM7J12V_P6025C9_MBX
PSM7J134_P6025C13_MBX	PSM7J134	metabolomics			PSM7J134_P6025C13_MBX
PSM7J177_P6028C2_MBX	PSM7J177	metabolomics			PSM7J177_P6028C2_MBX
PSM7J17F_P6028C6_MBX	PSM7J17F	metabolomics			PSM7J17F_P6028C6_MBX
PSM7J161_P6028C10_MBX	PSM7J161	metabolomics			PSM7J161_P6028C10_MBX
PSM7J167_P6028C13_MBX	PSM7J167	metabolomics			PSM7J167_P6028C13_MBX
PSMA266C_P6028C17_MBX	PSMA266C	metabolomics			PSMA266C_P6028C17_MBX
PSMA269E_P6028C24_MBX	PSMA269E	metabolomics			PSMA269E_P6028C24_MBX
PSM7J188_P6033C1_MBX	PSM7J188	metabolomics			PSM7J188_P6033C1_MBX
PSMA2651_P6033C8_MBX	PSMA2651	metabolomics			PSMA2651_P6033C8_MBX
PSMA267B_P6033C16_MBX	PSMA267B	metabolomics			PSMA267B_P6033C16_MBX
PSMA26AJ_P6033C21_MBX	PSMA26AJ	metabolomics			PSMA26AJ_P6033C21_MBX
PSMA264Q_P6035C3_MBX	PSMA264Q	metabolomics			PSMA264Q_P6035C3_MBX
PSMA267J_P6035C8_MBX	PSMA267J	metabolomics			PSMA267J_P6035C8_MBX
PSMA267P_P6035C11_MBX	PSMA267P	metabolomics			PSMA267P_P6035C11_MBX
PSMB4MBK_P6035C16_MBX	PSMB4MBK	metabolomics			PSMB4MBK_P6035C16_MBX
PSMA266I_P6037C2_MBX	PSMA266I	metabolomics			PSMA266I_P6037C2_MBX
PSMA266Q_P6037C6_MBX	PSMA266Q	metabolomics			PSMA266Q_P6037C6_MBX
PSMA269I_P6037C9_MBX	PSMA269I	metabolomics			PSMA269I_P6037C9_MBX
PSMB4MBQ_P6037C15_MBX	PSMB4MBQ	metabolomics			PSMB4MBQ_P6037C15_MBX
PSMA265X_P6038C1_MBX	PSMA265X	metabolomics			PSMA265X_P6038C1_MBX
PSMA2675_P6038C7_MBX	PSMA2675	metabolomics			PSMA2675_P6038C7_MBX
PSMA269W_P6038C10_MBX	PSMA269W	metabolomics			PSMA269W_P6038C10_MBX
PSMA26A3_P6038C13_MBX	PSMA26A3	metabolomics			PSMA26A3_P6038C13_MBX
PSMB4MC5_P6038C19_MBX	PSMB4MC5	metabolomics			PSMB4MC5_P6038C19_MBX
